CustomerID,Age,Gender,Region,SubscriptionType,TenureMonths,AvgMonthlyWatchHours,Churned,segment,MonthlySpend,AB,Churned_post,MonthlySpend_post
CUST_0001,56,Female,West,Basic,1,4.2,0,New,5.068779878885797,A,0,5.93793594327507
CUST_0002,69,Male,East,Standard,55,1.9,1,YoungEngaged,10.90085419607943,A,0,10.1820218084707
CUST_0003,46,Male,West,Basic,56,41.5,0,Loyal,37.952119190930254,B,0,36.90738015297068
CUST_0004,32,Male,South,Premium,27,26.7,0,New,18.475481721687984,A,0,19.362772558954727
CUST_0005,60,Male,North,Premium,46,39.0,0,New,26.70792664325821,A,0,25.94464053907963
CUST_0006,25,Male,West,Standard,8,12.5,0,YoungEngaged,12.459595857532529,B,0,13.95709272454168
CUST_0007,38,Male,West,Standard,51,17.9,0,Loyal,7.718833964896789,B,0,7.518223360081437
CUST_0008,56,Male,West,Basic,46,2.5,1,Loyal,11.157293829271769,B,0,11.287005634940206
CUST_0009,36,Male,West,Standard,42,48.1,0,New,44.37720060360644,A,0,44.41513843905404
CUST_0010,40,Female,North,Premium,17,33.7,0,At Risk,24.61412173947648,B,0,25.133394913153694
CUST_0011,28,Female,North,Standard,9,46.7,0,New,28.79432735454562,B,0,32.94312554900509
CUST_0012,28,Female,South,Basic,6,14.0,1,New,17.969361870827065,B,0,19.733672655407183
CUST_0013,41,Female,North,Standard,43,31.0,0,New,24.22730077373691,B,0,28.194513250631964
CUST_0014,53,Female,West,Premium,25,34.2,0,New,33.54908155986731,B,0,38.191977296628096
CUST_0015,57,Male,South,Basic,39,16.6,0,YoungEngaged,5.307861706028166,B,1,4.923489564481307
CUST_0016,41,Female,South,Basic,49,42.6,0,Loyal,31.08312488523114,A,0,31.27221737907019
CUST_0017,20,Female,South,Standard,28,47.4,0,YoungEngaged,37.946218498590916,B,1,38.64032856813132
CUST_0018,39,Female,West,Premium,33,44.4,0,YoungEngaged,35.754902968823714,A,0,36.499908281700996
CUST_0019,19,Male,East,Basic,54,37.2,0,YoungEngaged,27.509672642603785,B,0,27.843111862490872
CUST_0020,41,Male,West,Basic,37,14.6,0,New,14.794249661737494,B,0,17.25312894434647
CUST_0021,61,Male,North,Basic,9,14.8,0,At Risk,6.50189785308703,A,0,6.6542133666636545
CUST_0022,47,Male,North,Basic,18,48.2,0,Loyal,37.84810257489354,B,0,38.83404705145249
CUST_0023,55,Female,West,Standard,56,1.5,0,At Risk,1.8014781585594943,B,0,0.8392882300159121
CUST_0024,19,Female,West,Standard,59,36.1,0,YoungEngaged,31.452194170293748,A,0,31.257496874177065
CUST_0025,38,Male,South,Standard,21,35.6,0,YoungEngaged,32.03807439044445,B,1,33.15277518877175
CUST_0026,50,Other,West,Standard,2,31.5,0,At Risk,19.57678954081066,B,0,20.688743145763997
CUST_0027,29,Female,South,Basic,58,49.5,0,At Risk,31.92942914632189,B,0,33.66343965349695
CUST_0028,39,Male,North,Premium,43,16.3,0,At Risk,19.428384109492548,B,0,20.165469371642956
CUST_0029,61,Male,South,Standard,59,17.7,0,YoungEngaged,15.821570059897958,B,1,16.26072724507635
CUST_0030,42,Male,West,Premium,38,4.9,1,YoungEngaged,0.5,A,0,0.4358118228915022
CUST_0031,66,Male,North,Standard,58,22.7,0,Loyal,25.915759877612615,B,0,26.673651615528076
CUST_0032,44,Male,East,Basic,40,13.8,1,Loyal,11.618373171464293,B,0,12.754663385630435
CUST_0033,59,Male,South,Standard,36,17.8,0,YoungEngaged,20.136485920319135,B,0,20.373314150137634
CUST_0034,45,Male,North,Basic,50,41.9,0,At Risk,33.85759240705055,A,0,34.23707446421606
CUST_0035,33,Male,South,Standard,43,46.8,0,At Risk,47.74373962440993,B,0,49.469118166698955
CUST_0036,32,Female,North,Basic,37,10.1,0,Loyal,16.856704212216023,A,1,15.751350894663231
CUST_0037,64,Male,North,Basic,15,19.3,0,YoungEngaged,14.195179257604634,A,0,14.286931742053007
CUST_0038,68,Female,South,Premium,28,46.5,0,Loyal,42.05785475477178,B,0,41.359345330593904
CUST_0039,61,Male,East,Basic,18,4.0,1,Loyal,6.426879747925738,A,0,7.209062355881498
CUST_0040,69,Other,North,Premium,34,5.5,0,New,11.243157787661744,A,0,11.926486780472814
CUST_0041,20,Male,North,Basic,22,9.0,0,New,2.375382697099478,A,0,2.1660688775201162
CUST_0042,54,Male,North,Standard,11,30.2,0,New,27.590257299992196,B,0,29.535132464790728
CUST_0043,68,Other,East,Standard,58,8.4,0,At Risk,12.012122434247939,B,0,13.56214917639364
CUST_0044,24,Female,East,Standard,57,48.4,0,YoungEngaged,29.926302567884427,B,0,30.126501032028756
CUST_0045,38,Female,West,Basic,13,22.9,0,YoungEngaged,12.403707436671125,A,1,12.655947833097802
CUST_0046,26,Male,South,Basic,4,25.6,1,YoungEngaged,10.283839111199502,B,0,10.341910239285289
CUST_0047,56,Male,East,Basic,22,13.1,0,YoungEngaged,9.132965827777213,A,0,9.016736784655254
CUST_0048,35,Female,South,Basic,7,24.1,0,New,22.86771127897981,B,0,26.82378061784379
CUST_0049,21,Female,West,Standard,43,33.4,0,At Risk,34.23178526048014,B,0,37.30904858418818
CUST_0050,42,Female,South,Premium,54,37.8,0,At Risk,30.610473902098875,A,0,32.42197871469239
CUST_0051,31,Female,East,Premium,24,37.9,0,New,38.46307772785646,A,0,39.53605577562247
CUST_0052,67,Male,South,Standard,4,29.3,0,At Risk,16.539492708925543,A,0,16.456844923887353
CUST_0053,26,Female,East,Standard,28,45.3,0,New,27.723087803224228,B,0,31.311108870844993
CUST_0054,43,Male,South,Standard,15,41.1,0,YoungEngaged,32.60226150551691,A,0,32.81697468868743
CUST_0055,19,Male,East,Basic,1,38.1,0,New,32.40032724469654,A,0,34.7641997393159
CUST_0056,37,Male,East,Premium,55,3.7,1,YoungEngaged,2.796526259529535,A,0,4.374644317091719
CUST_0057,45,Female,South,Standard,3,1.3,0,YoungEngaged,0.5,A,0,1.4854496856152184
CUST_0058,64,Male,West,Standard,14,11.4,0,Loyal,8.674399802436058,A,0,9.517772424593117
CUST_0059,24,Male,North,Basic,38,33.5,0,New,20.277652497475735,A,1,19.49166646484075
CUST_0060,61,Female,West,Standard,50,21.1,0,Loyal,20.228362744150196,A,1,20.787811820145233
CUST_0061,25,Male,South,Standard,57,20.7,0,New,18.392991230484242,A,1,17.011946627330467
CUST_0062,64,Female,West,Premium,1,44.3,0,New,30.740601068363222,A,0,31.0444196639681
CUST_0063,52,Male,East,Standard,38,44.9,0,Loyal,33.350665413316534,A,0,33.58724716419273
CUST_0064,31,Female,North,Basic,38,45.5,0,Loyal,31.10393239055524,B,0,30.23973400841605
CUST_0065,34,Female,South,Premium,21,16.4,0,New,12.80660451363414,A,0,13.528167018760284
CUST_0066,53,Male,South,Basic,48,34.9,0,At Risk,32.695711602506194,B,0,33.61251933090305
CUST_0067,67,Male,South,Standard,29,14.3,1,YoungEngaged,6.511369768322282,A,1,7.380524360819179
CUST_0068,57,Male,North,Basic,5,10.3,1,Loyal,10.760232577589221,A,0,12.129941355559001
CUST_0069,21,Male,East,Standard,49,10.0,0,YoungEngaged,5.348711908137796,A,0,4.893172382113925
CUST_0070,19,Other,South,Premium,10,17.8,0,At Risk,10.275635838688281,B,0,12.55488246573959
CUST_0071,23,Male,West,Basic,28,22.1,0,At Risk,17.144848200227216,A,0,16.315831280568855
CUST_0072,59,Female,South,Premium,21,41.7,1,At Risk,28.183788387903135,A,0,26.917447882277433
CUST_0073,21,Male,South,Basic,50,6.9,0,Loyal,2.75175347326409,B,0,3.335746479121892
CUST_0074,46,Female,South,Premium,7,37.0,1,At Risk,23.61061053705576,A,1,23.552626589623525
CUST_0075,35,Female,South,Standard,3,27.0,0,Loyal,31.423625664581948,A,0,30.268000182913084
CUST_0076,43,Female,East,Premium,45,15.1,0,At Risk,12.256317759858643,A,1,11.80793754080476
CUST_0077,61,Male,West,Basic,47,25.1,0,YoungEngaged,16.581372460037073,A,1,15.69213163180875
CUST_0078,51,Male,East,Premium,20,15.7,1,YoungEngaged,13.62989955367111,B,0,14.492821151468638
CUST_0079,27,Male,West,Standard,19,30.2,1,New,23.59835975154585,A,0,23.36749337770108
CUST_0080,53,Female,South,Basic,35,22.3,0,YoungEngaged,16.735152002333884,A,1,17.690452560571636
CUST_0081,31,Female,North,Premium,4,9.1,0,New,10.350833500217126,B,0,11.22365638099698
CUST_0082,48,Other,East,Basic,5,6.7,0,YoungEngaged,9.147538550236526,B,0,10.199944943583917
CUST_0083,65,Male,North,Premium,1,27.8,0,Loyal,19.587494261947363,A,0,19.652762457289917
CUST_0084,32,Female,East,Basic,4,45.2,0,YoungEngaged,33.2809087967766,B,0,34.38753118350711
CUST_0085,25,Female,South,Standard,12,17.9,0,New,12.94474151424178,B,0,14.641498963293047
CUST_0086,31,Male,East,Standard,27,36.9,0,New,18.010394176322073,A,0,19.46365483964311
CUST_0087,40,Male,South,Basic,56,33.3,0,At Risk,19.06404468900724,A,0,21.07405397830724
CUST_0088,57,Female,East,Basic,42,46.6,0,Loyal,44.11437133722262,A,0,43.3755684684924
CUST_0089,38,Female,South,Basic,23,41.2,0,YoungEngaged,41.18483856750642,B,1,42.83108267373831
CUST_0090,33,Female,South,Standard,25,28.8,0,At Risk,21.79481980221811,A,0,23.564682222895076
CUST_0091,62,Male,West,Basic,21,33.2,0,YoungEngaged,29.442784815278834,B,0,29.988225747195468
CUST_0092,35,Female,South,Standard,58,45.0,0,YoungEngaged,37.55625077271768,A,1,38.432297565247474
CUST_0093,64,Male,West,Basic,52,20.6,0,At Risk,31.87440404227619,B,0,36.10544868058878
CUST_0094,41,Male,South,Basic,24,17.0,0,At Risk,19.197874557172884,A,0,18.163501729249287
CUST_0095,43,Male,North,Standard,25,1.5,0,At Risk,0.5604120425961675,A,0,0.01
CUST_0096,42,Female,South,Basic,45,41.5,0,At Risk,28.422297796997874,A,1,28.49606790488476
CUST_0097,62,Female,North,Premium,55,40.2,0,At Risk,24.127768398712142,B,0,25.307084320829002
CUST_0098,58,Female,North,Premium,46,6.1,0,YoungEngaged,5.897318179336115,A,0,7.369988855087097
CUST_0099,46,Male,South,Standard,32,29.3,1,At Risk,19.658246273578484,B,0,22.39745456644177
CUST_0100,32,Female,North,Standard,55,23.7,1,Loyal,11.84873145201163,A,0,12.738647784576798
CUST_0101,62,Male,West,Premium,32,6.8,0,New,2.2071355787873674,B,0,0.695756615343532
CUST_0102,18,Female,East,Basic,5,49.0,0,At Risk,33.79225998192803,B,0,35.92264297549132
CUST_0103,42,Male,South,Basic,36,11.5,0,At Risk,17.635708175362822,B,1,19.22768133960291
CUST_0104,24,Male,North,Basic,46,4.3,1,YoungEngaged,7.848198784747252,A,0,7.244218158778023
CUST_0105,26,Male,South,Standard,42,30.1,0,At Risk,24.040136793416917,B,0,25.127585601869363
CUST_0106,41,Male,West,Basic,49,37.2,0,At Risk,37.15972069445014,B,0,42.346749873468426
CUST_0107,18,Female,South,Standard,42,2.6,0,At Risk,2.4668415382380915,A,0,3.864067960796854
CUST_0108,61,Female,South,Premium,58,33.3,0,YoungEngaged,22.33357899335868,A,0,22.104030337998335
CUST_0109,25,Male,North,Premium,39,27.1,0,At Risk,29.29562038634829,A,0,29.35263352271934
CUST_0110,41,Female,West,Standard,16,6.1,0,New,7.574550218423293,B,0,8.89214905611476
CUST_0111,28,Male,East,Basic,33,9.5,0,YoungEngaged,2.413769228367719,A,0,0.7742850658422846
CUST_0112,68,Female,East,Premium,49,28.8,0,New,22.088306609581963,A,1,20.749700809858716
CUST_0113,34,Female,North,Standard,21,15.5,0,YoungEngaged,8.021908733076215,A,0,7.629437627015342
CUST_0114,25,Female,South,Basic,9,47.0,0,At Risk,30.68600134517832,B,0,32.844864225462686
CUST_0115,52,Male,North,Basic,6,41.1,1,New,37.51088773765821,A,0,38.20380636068982
CUST_0116,52,Female,North,Premium,51,49.2,0,YoungEngaged,48.90708320235066,B,0,51.32099819209343
CUST_0117,50,Female,North,Standard,45,13.7,0,Loyal,3.9671621309042946,B,0,2.007544096516965
CUST_0118,22,Male,South,Premium,35,48.5,0,At Risk,41.61484618345286,B,0,45.070482900952555
CUST_0119,59,Male,West,Premium,39,22.1,0,YoungEngaged,14.426787154390869,A,0,15.423357664970316
CUST_0120,56,Female,North,Standard,22,18.0,1,Loyal,11.96437308117652,A,0,10.131031916670088
CUST_0121,58,Female,South,Standard,41,3.5,0,YoungEngaged,0.5,B,0,0.01
CUST_0122,45,Female,West,Standard,54,3.6,1,Loyal,0.5,A,1,0.4719161344070202
CUST_0123,24,Female,North,Basic,5,34.9,0,At Risk,28.162608139724135,A,0,27.515367501736087
CUST_0124,26,Female,East,Standard,42,23.4,1,New,14.565249417944809,A,0,13.959388597185916
CUST_0125,25,Male,West,Standard,23,12.1,0,Loyal,11.032284128899194,B,1,11.436230023582173
CUST_0126,29,Male,North,Standard,17,31.1,0,YoungEngaged,24.628809452754318,B,0,26.433377738633236
CUST_0127,51,Male,West,Premium,12,13.4,0,At Risk,9.525259765667952,A,0,9.466377955765228
CUST_0128,50,Female,West,Standard,23,29.3,1,Loyal,18.902181689792013,A,0,19.237420376861962
CUST_0129,65,Male,West,Standard,16,18.6,1,YoungEngaged,11.99614334715834,B,1,10.810084022582146
CUST_0130,40,Female,West,Standard,3,41.4,0,YoungEngaged,36.896956129128775,A,0,36.430460749900575
CUST_0131,41,Female,West,Standard,30,41.2,1,YoungEngaged,35.46458593812191,B,0,36.87818556257554
CUST_0132,54,Female,West,Standard,57,24.4,0,Loyal,14.632223776007244,A,0,13.68473164103347
CUST_0133,52,Male,North,Basic,22,18.2,0,Loyal,15.05666152714613,B,0,14.17750181809916
CUST_0134,61,Female,East,Standard,9,18.8,0,Loyal,18.796935616858946,A,0,18.17074558463738
CUST_0135,57,Male,South,Basic,29,40.5,0,New,24.05297359439314,B,0,25.90995891753825
CUST_0136,39,Female,West,Basic,47,17.1,0,Loyal,16.396800961899675,B,0,18.29755162205485
CUST_0137,44,Male,South,Standard,37,11.2,0,Loyal,5.646881205270766,A,0,5.662260186642872
CUST_0138,52,Male,North,Standard,23,5.1,0,Loyal,6.932993342965797,A,0,7.888089722407273
CUST_0139,18,Female,West,Premium,13,23.9,0,New,15.303704217287416,B,0,15.787478437518374
CUST_0140,52,Male,East,Standard,32,24.6,0,Loyal,10.655589496677408,A,0,9.622720268090355
CUST_0141,54,Male,South,Standard,46,42.2,0,YoungEngaged,25.62228781058419,B,0,27.204509540305143
CUST_0142,64,Female,West,Standard,52,11.8,0,Loyal,9.68042473330691,A,0,8.821974792932224
CUST_0143,31,Female,North,Standard,47,19.7,0,YoungEngaged,17.05861250860741,B,0,18.095377650360287
CUST_0144,20,Female,East,Basic,48,40.6,0,YoungEngaged,27.95841687447796,A,0,28.598896669678787
CUST_0145,18,Female,South,Basic,23,41.4,0,YoungEngaged,36.31296229388687,A,0,36.122459187889056
CUST_0146,22,Female,South,Basic,45,19.8,0,New,7.532399688655202,B,0,6.913928465075937
CUST_0147,43,Male,West,Standard,17,23.5,0,New,18.46960100676342,A,1,20.188978912970715
CUST_0148,31,Male,East,Basic,55,15.9,0,New,6.664919001187718,A,0,8.657434354355836
CUST_0149,56,Male,East,Basic,40,46.7,0,Loyal,34.100819460989214,B,0,35.033288257936775
CUST_0150,44,Female,East,Basic,21,6.8,0,YoungEngaged,5.67699335658207,B,0,8.653876688391671
CUST_0151,26,Female,East,Premium,2,46.8,0,New,33.13793317358024,B,0,38.22717352939979
CUST_0152,32,Male,North,Basic,37,34.5,0,New,25.677222278850873,A,0,24.910565691067525
CUST_0153,32,Male,East,Standard,6,27.0,1,Loyal,26.631464046072203,B,0,26.944937307280586
CUST_0154,43,Female,South,Basic,44,2.6,1,New,0.5,B,0,0.01
CUST_0155,59,Male,South,Standard,18,24.3,0,Loyal,23.61846056032571,A,0,24.744048331366052
CUST_0156,30,Female,North,Basic,30,21.0,0,At Risk,11.15146572671191,A,0,10.522980862815864
CUST_0157,68,Female,South,Basic,22,8.9,0,New,9.769020889576415,A,1,9.219463753667835
CUST_0158,49,Female,South,Standard,54,33.2,0,At Risk,33.76784310328951,B,0,35.78133316408884
CUST_0159,56,Male,East,Basic,33,48.6,1,Loyal,26.521777499363555,A,0,26.24880209944372
CUST_0160,66,Female,South,Basic,30,28.5,0,YoungEngaged,18.815523722647615,A,0,19.139580750869175
CUST_0161,69,Female,North,Basic,17,36.0,0,New,31.6853606359027,A,0,32.5449485228825
CUST_0162,49,Female,East,Basic,43,4.4,0,Loyal,2.504773069785037,A,0,1.7272340299400595
CUST_0163,21,Female,West,Basic,32,21.5,1,YoungEngaged,19.055729366856543,B,0,20.35831585976728
CUST_0164,47,Female,East,Basic,42,6.7,0,YoungEngaged,2.3400740664208977,B,0,1.4530231728999323
CUST_0165,54,Female,North,Premium,51,31.0,0,At Risk,25.2329489373645,B,0,29.112900449590057
CUST_0166,40,Male,East,Standard,14,47.0,0,Loyal,36.821613823039606,A,0,37.55029862025652
CUST_0167,56,Female,East,Standard,58,33.4,0,YoungEngaged,32.55891030829903,B,0,34.09139157662491
CUST_0168,62,Female,North,Basic,10,4.8,0,New,5.112104216506065,B,0,7.259284432403293
CUST_0169,32,Male,East,Premium,47,18.4,0,New,16.40801331037601,A,0,16.020882660586494
CUST_0170,60,Female,North,Basic,51,28.0,1,At Risk,20.340615169387664,B,0,23.854479029028088
CUST_0171,46,Female,North,Basic,36,20.8,1,YoungEngaged,14.201968879637533,A,0,13.054277489821866
CUST_0172,53,Female,West,Standard,34,41.8,1,Loyal,31.277209060901892,B,0,33.13047411925911
CUST_0173,30,Male,South,Basic,9,40.9,0,New,34.692260711891485,B,0,38.31953053426617
CUST_0174,49,Male,South,Basic,42,31.0,0,YoungEngaged,22.695077595898685,B,0,22.053585142227167
CUST_0175,24,Other,East,Standard,28,19.3,0,YoungEngaged,16.888874284482064,A,0,16.974083734115965
CUST_0176,68,Female,East,Premium,11,13.5,0,At Risk,21.177003993227196,A,1,21.779481202666677
CUST_0177,39,Male,West,Standard,14,6.2,0,New,9.315623517158462,A,0,9.270212299226223
CUST_0178,45,Female,West,Standard,39,18.4,0,New,13.089882339160793,B,0,12.953310262267143
CUST_0179,19,Female,West,Premium,55,21.2,0,Loyal,22.966069610819723,A,0,22.477872613587476
CUST_0180,59,Female,North,Basic,47,34.1,0,New,25.239623134892245,A,0,25.265011555434654
CUST_0181,62,Female,West,Basic,54,33.2,0,Loyal,16.369377324110733,A,0,17.396798859449508
CUST_0182,23,Male,West,Basic,19,4.4,0,New,0.5,A,0,0.01
CUST_0183,45,Male,East,Standard,54,20.4,0,At Risk,6.966040394870722,A,0,6.257006683206018
CUST_0184,45,Male,West,Standard,15,9.9,0,New,6.162432579793458,A,0,6.14859483369922
CUST_0185,61,Female,North,Premium,28,8.7,0,Loyal,7.0520918959477585,B,0,6.129731727295763
CUST_0186,61,Male,North,Standard,24,41.5,0,Loyal,41.58218656137642,B,1,41.54042065851614
CUST_0187,37,Male,East,Standard,8,3.1,0,At Risk,4.1146368688208135,A,0,3.6042008163938464
CUST_0188,47,Male,West,Basic,43,21.5,0,New,16.10449735595568,A,1,15.414769581891505
CUST_0189,28,Female,West,Premium,9,9.2,0,New,11.507027905917445,B,0,11.77134681467888
CUST_0190,45,Female,North,Premium,47,44.1,0,At Risk,24.224323454960576,A,1,25.38625726841667
CUST_0191,42,Male,West,Premium,33,28.3,0,New,23.81807279054283,B,0,27.91205314541491
CUST_0192,56,Male,West,Basic,33,12.3,0,New,13.694325969434836,A,0,13.201203147035063
CUST_0193,50,Female,West,Standard,19,25.6,0,Loyal,13.087068771100796,B,0,12.087355312867704
CUST_0194,18,Male,South,Basic,3,36.8,0,New,35.15877021603464,B,0,39.22192446402213
CUST_0195,44,Male,East,Basic,10,47.9,0,New,40.01248203747207,B,0,44.26569258547812
CUST_0196,69,Male,South,Basic,40,11.8,0,At Risk,7.363560430495995,A,0,6.595195483181923
CUST_0197,30,Male,East,Standard,47,44.4,0,At Risk,38.68390933053143,A,0,37.23778129797127
CUST_0198,58,Male,North,Standard,42,46.8,1,YoungEngaged,48.793464289021976,B,0,51.152537754176315
CUST_0199,20,Female,West,Basic,1,45.9,0,Loyal,37.62933127529247,B,0,37.51687867444933
CUST_0200,56,Male,East,Basic,29,32.1,0,New,26.921102931501682,A,0,28.364734934970496
CUST_0201,23,Female,South,Standard,50,31.9,0,New,23.22319550229878,A,0,21.966688608019524
CUST_0202,25,Male,West,Basic,34,20.8,0,YoungEngaged,12.390778152676042,A,1,9.399642181775318
CUST_0203,44,Female,North,Basic,51,37.9,0,New,34.47167908272123,B,1,38.76829879850057
CUST_0204,26,Female,East,Standard,13,27.0,0,Loyal,17.319580870455667,B,1,17.72708809723217
CUST_0205,54,Male,East,Standard,54,34.2,0,YoungEngaged,27.717831186096966,B,0,28.270666688401057
CUST_0206,50,Female,East,Basic,1,22.0,0,Loyal,15.211712766174418,A,0,14.547992389194706
CUST_0207,68,Male,West,Basic,34,36.8,0,YoungEngaged,31.83489912873196,B,0,34.34203436072872
CUST_0208,59,Other,South,Basic,29,41.4,0,YoungEngaged,34.78831052643474,B,0,35.97818577816094
CUST_0209,61,Male,South,Premium,48,8.2,0,At Risk,11.747699721289496,B,0,14.318444880255598
CUST_0210,41,Male,East,Standard,47,41.8,0,Loyal,30.889918005726262,A,0,30.730323443901266
CUST_0211,32,Male,North,Standard,13,27.5,0,New,20.650625323533145,B,0,23.63048309852467
CUST_0212,49,Other,North,Basic,48,42.4,1,New,29.026181421088467,A,0,29.839386607836445
CUST_0213,49,Female,South,Standard,49,22.1,0,Loyal,15.458533699619444,B,0,16.261656245605554
CUST_0214,41,Female,North,Basic,53,19.6,0,New,17.56650246522426,A,0,17.287539534892453
CUST_0215,58,Male,South,Standard,29,45.8,0,New,40.42494308322676,A,0,40.145182914730924
CUST_0216,69,Female,East,Premium,39,13.3,0,Loyal,6.029173379111874,B,0,7.111178532061654
CUST_0217,66,Male,South,Standard,24,42.4,1,YoungEngaged,38.2680296005283,B,0,40.06466516475947
CUST_0218,66,Female,South,Premium,26,24.7,0,Loyal,26.538189294024754,B,0,25.24422903300451
CUST_0219,69,Male,East,Standard,17,26.2,1,YoungEngaged,23.027174516118507,A,0,22.84027835795652
CUST_0220,29,Male,North,Basic,7,16.1,0,New,22.263979062790334,B,0,26.05305536622764
CUST_0221,56,Male,South,Premium,13,29.1,0,New,19.411054004482136,B,0,23.18887971491292
CUST_0222,19,Male,South,Basic,5,16.9,0,New,7.296726483442915,A,0,8.087098379494625
CUST_0223,20,Female,East,Standard,26,2.9,1,At Risk,0.5,A,0,0.5949937513563046
CUST_0224,66,Male,North,Basic,49,14.3,0,YoungEngaged,18.920221557445917,A,0,17.289748313730776
CUST_0225,54,Female,South,Basic,3,1.3,0,At Risk,4.311828281770289,A,0,3.9513548775656933
CUST_0226,66,Male,East,Standard,7,48.9,0,At Risk,38.842076645447726,A,1,39.35349214637768
CUST_0227,34,Female,South,Basic,58,48.3,0,Loyal,40.0398431315991,A,0,40.984814796987834
CUST_0228,66,Male,West,Standard,49,20.4,1,At Risk,10.692554763508117,B,0,12.504399492936388
CUST_0229,19,Male,East,Standard,39,36.7,0,Loyal,41.588759898084135,B,0,42.24867210958253
CUST_0230,19,Female,North,Basic,53,17.9,0,Loyal,14.966105909876138,A,1,14.739845038702386
CUST_0231,45,Male,North,Basic,1,33.9,0,At Risk,27.666973973024465,B,0,29.255542343932373
CUST_0232,40,Male,North,Standard,49,40.5,0,YoungEngaged,36.028833119493456,B,0,37.19471693406373
CUST_0233,54,Female,North,Basic,17,47.4,1,YoungEngaged,40.32504615868357,A,1,41.531040675230386
CUST_0234,49,Female,South,Standard,43,20.6,0,YoungEngaged,17.599420121395656,A,0,18.37682747416017
CUST_0235,50,Male,South,Standard,25,39.4,0,YoungEngaged,27.56762772277344,A,1,28.034298704739523
CUST_0236,18,Male,North,Premium,59,14.0,1,YoungEngaged,13.55734178567998,A,0,15.07834801283936
CUST_0237,36,Female,North,Standard,3,49.5,0,At Risk,49.010122482375166,B,0,53.7587823769276
CUST_0238,19,Male,North,Standard,15,2.3,0,At Risk,8.567100230774887,A,0,8.884572165505977
CUST_0239,61,Male,South,Standard,29,30.6,0,New,32.44593313319699,B,0,35.97967646339154
CUST_0240,43,Male,North,Basic,53,33.3,0,YoungEngaged,24.083921617844076,A,0,23.13500509701924
CUST_0241,49,Female,North,Basic,43,34.7,0,At Risk,22.8119758987071,B,0,24.629891171678935
CUST_0242,23,Female,West,Standard,32,6.9,1,New,4.89106539950176,A,0,5.23111669407065
CUST_0243,49,Male,West,Standard,26,47.0,0,YoungEngaged,37.87862456144347,B,0,41.511407141368984
CUST_0244,21,Male,North,Standard,16,9.9,0,Loyal,13.390957592354743,B,0,12.550612213011036
CUST_0245,28,Male,East,Premium,25,31.5,1,New,16.737676851425906,A,0,17.308289848645437
CUST_0246,34,Female,North,Premium,54,11.9,0,At Risk,17.16775159730307,B,0,19.85358034682995
CUST_0247,55,Male,West,Premium,28,16.1,0,Loyal,12.089960507105056,A,0,12.846013829183702
CUST_0248,41,Male,East,Standard,9,27.8,0,Loyal,20.1055946502629,B,1,20.302419451780057
CUST_0249,22,Female,East,Basic,56,21.4,1,Loyal,12.059478123699163,B,0,14.634831266300187
CUST_0250,69,Male,North,Standard,56,8.9,0,New,0.5,A,0,1.4681846605328612
CUST_0251,51,Female,West,Basic,1,9.4,0,At Risk,11.635852919809572,B,0,13.6826232067597
CUST_0252,23,Male,West,Standard,29,21.5,0,Loyal,17.56658983594202,B,0,18.209783394660874
CUST_0253,39,Male,East,Standard,57,38.1,0,YoungEngaged,24.030195501294735,B,0,24.91046251024156
CUST_0254,28,Male,North,Standard,22,45.0,0,Loyal,29.52460613968192,A,1,29.459058532900915
CUST_0255,65,Female,South,Basic,16,5.1,0,Loyal,2.401076503549359,B,0,3.348563004768592
CUST_0256,33,Female,South,Basic,41,20.3,0,New,24.585107626446966,B,0,26.209272855538565
CUST_0257,50,Female,West,Standard,51,5.9,0,New,3.4220432431819767,A,0,3.090734859998654
CUST_0258,26,Male,South,Basic,44,1.8,1,At Risk,0.5,A,0,0.468081505356638
CUST_0259,23,Female,West,Premium,51,33.4,0,YoungEngaged,25.491284679570278,B,0,28.598405957027996
CUST_0260,33,Male,West,Basic,54,30.5,0,New,23.03638215126165,B,0,25.38728284828977
CUST_0261,46,Male,West,Basic,41,9.0,0,Loyal,0.5,A,0,2.481691806400029
CUST_0262,20,Female,South,Basic,7,12.5,0,At Risk,9.728525667410938,A,0,9.667482241940943
CUST_0263,37,Male,West,Standard,14,2.2,0,Loyal,0.6053273489566104,B,0,2.5781251680967894
CUST_0264,53,Male,East,Standard,29,41.9,0,Loyal,37.0010318240671,B,1,38.8684107037232
CUST_0265,36,Male,North,Basic,19,48.8,0,New,48.28478047472672,A,0,47.67254374021897
CUST_0266,43,Male,North,Basic,19,7.6,0,At Risk,11.712825147738787,A,1,10.976966698415952
CUST_0267,20,Male,West,Standard,2,12.3,0,YoungEngaged,8.49555654722585,A,0,10.242919745141407
CUST_0268,36,Female,North,Basic,41,43.6,0,YoungEngaged,29.34737045629165,A,0,30.279562020552035
CUST_0269,37,Male,South,Standard,45,46.4,0,New,49.9867990162493,B,1,56.24549540478211
CUST_0270,49,Female,South,Standard,15,21.6,0,New,17.576092170072442,A,0,16.490941643514645
CUST_0271,24,Female,North,Basic,3,3.5,0,At Risk,2.869646459564731,A,0,2.9529935305579738
CUST_0272,69,Male,South,Basic,11,2.9,0,YoungEngaged,2.1993745644499834,A,0,1.9628192772310373
CUST_0273,58,Male,North,Premium,53,29.1,0,YoungEngaged,24.270423803839275,B,0,26.29809675614951
CUST_0274,50,Male,North,Standard,46,20.3,0,YoungEngaged,15.51819794038029,A,0,16.653818087563234
CUST_0275,57,Female,North,Standard,30,2.4,0,Loyal,0.5,A,1,2.0687786041028486
CUST_0276,56,Male,West,Basic,57,29.6,0,YoungEngaged,20.945705293798042,A,0,19.839411781386406
CUST_0277,35,Female,North,Standard,40,1.6,0,Loyal,1.1162336489200082,A,0,0.01
CUST_0278,57,Male,West,Basic,18,39.6,0,At Risk,28.96287614433118,A,0,29.844160925763948
CUST_0279,18,Female,North,Standard,51,16.0,1,Loyal,9.235771086614179,A,1,9.75801476786219
CUST_0280,28,Male,North,Premium,48,3.0,0,At Risk,2.9321511384594845,B,1,2.517457651460319
CUST_0281,45,Male,North,Basic,2,29.8,1,YoungEngaged,22.565113912895725,B,0,24.175436335875897
CUST_0282,42,Female,South,Basic,32,20.5,0,YoungEngaged,23.919964942913445,B,0,25.48469633737664
CUST_0283,67,Female,West,Basic,8,48.7,0,At Risk,25.70515095803495,A,0,24.73170421663547
CUST_0284,40,Male,West,Basic,22,27.7,1,New,27.61753425961231,B,0,29.967879444555177
CUST_0285,48,Female,North,Basic,6,14.5,0,At Risk,17.830425962488146,A,1,17.82502858612661
CUST_0286,47,Female,North,Basic,12,35.8,0,New,18.27304883795925,B,0,19.508663783619323
CUST_0287,59,Female,South,Standard,47,14.3,0,Loyal,9.726562029598258,A,1,8.910158043497216
CUST_0288,52,Female,South,Standard,57,45.3,0,Loyal,34.382795670021046,A,0,34.574302608813774
CUST_0289,24,Male,South,Basic,40,19.4,0,Loyal,8.482441526410893,A,1,8.550812155721154
CUST_0290,33,Male,West,Premium,36,27.9,0,YoungEngaged,18.430916562045624,A,0,17.60640240051795
CUST_0291,43,Male,West,Basic,15,3.5,0,Loyal,0.5,A,0,0.01
CUST_0292,65,Female,West,Premium,28,21.9,0,New,26.281352217118112,B,0,29.778902364722175
CUST_0293,69,Female,North,Basic,52,41.8,1,Loyal,38.1183919657373,B,0,38.432845325365065
CUST_0294,66,Male,West,Premium,57,40.5,0,At Risk,38.75777547497079,A,0,39.7961642307054
CUST_0295,19,Male,East,Standard,49,12.0,0,At Risk,13.208360320216176,B,0,15.212854948670689
CUST_0296,18,Female,East,Premium,45,12.1,0,YoungEngaged,4.034741143913854,B,0,4.630275499325799
CUST_0297,65,Other,South,Premium,18,41.0,0,At Risk,30.177398668601136,B,0,33.27362501213316
CUST_0298,29,Female,West,Basic,2,46.6,0,New,39.72687280613959,B,0,44.44544519130589
CUST_0299,22,Male,East,Premium,13,5.7,0,Loyal,0.5,A,0,1.5584845435303247
CUST_0300,54,Male,South,Basic,45,23.1,0,YoungEngaged,22.04499215086194,B,0,21.219569179059427
CUST_0301,49,Male,West,Basic,54,17.5,0,Loyal,12.798373009209325,A,0,13.001675952778399
CUST_0302,26,Female,North,Basic,15,43.7,0,Loyal,33.08589596225201,A,0,32.801212926579424
CUST_0303,58,Male,East,Standard,20,5.1,1,New,7.634799841017458,B,0,8.583772817351141
CUST_0304,52,Female,North,Basic,29,11.3,0,At Risk,11.261316557430199,B,0,9.388659019111167
CUST_0305,36,Male,West,Standard,59,37.9,0,At Risk,28.5151691709046,A,0,29.0205932641213
CUST_0306,65,Female,East,Standard,42,3.5,0,Loyal,8.59664901682124,B,0,7.492749910587728
CUST_0307,33,Female,West,Standard,29,25.1,0,YoungEngaged,14.674683362000515,A,1,14.066093638760815
CUST_0308,20,Female,North,Premium,3,22.7,1,At Risk,21.23967803472132,B,0,23.73978891712849
CUST_0309,37,Male,East,Standard,19,17.4,0,YoungEngaged,16.88550628984192,B,0,17.45089821018326
CUST_0310,41,Male,North,Basic,3,20.3,0,At Risk,14.69226780343005,A,0,16.001740699780765
CUST_0311,50,Male,West,Basic,54,27.0,0,YoungEngaged,23.23066511121059,B,1,25.237356337955443
CUST_0312,41,Female,West,Basic,14,8.9,0,New,0.864432118073486,B,0,0.20966863754223486
CUST_0313,69,Female,North,Basic,40,29.0,0,YoungEngaged,27.82013509603451,B,0,29.162244667362128
CUST_0314,28,Female,East,Basic,59,40.5,0,New,31.475489317785055,B,0,35.0221473217135
CUST_0315,66,Female,North,Basic,55,38.2,1,New,27.946384897404805,A,0,27.12097436742585
CUST_0316,25,Female,West,Premium,4,8.5,0,YoungEngaged,12.045046129184447,A,1,11.516068421120432
CUST_0317,53,Male,North,Standard,59,8.3,1,New,3.1182815472862044,B,0,2.5682421886922446
CUST_0318,55,Female,West,Basic,52,14.1,0,Loyal,4.237693518182203,B,0,4.2923031190249965
CUST_0319,57,Male,North,Standard,11,18.7,0,New,7.176854132380482,B,0,8.928275039390929
CUST_0320,37,Male,East,Basic,58,21.0,0,At Risk,19.8300497567282,B,0,20.984657948626253
CUST_0321,52,Female,East,Standard,31,34.3,0,YoungEngaged,21.037853237518583,A,0,19.98129559475833
CUST_0322,65,Male,North,Standard,43,3.8,0,Loyal,11.813970909921824,B,0,11.482544543901577
CUST_0323,42,Male,North,Standard,32,2.7,0,YoungEngaged,0.5,B,0,0.01
CUST_0324,52,Female,East,Standard,27,20.2,0,At Risk,24.642281841450192,A,0,24.074139511615858
CUST_0325,42,Male,West,Premium,30,35.2,0,At Risk,29.215087336013095,A,1,27.384318887618228
CUST_0326,46,Female,East,Premium,43,10.5,0,At Risk,7.916434440648039,B,0,7.663706741568208
CUST_0327,35,Male,West,Standard,2,32.4,0,New,23.195404565955254,B,0,27.01410244859364
CUST_0328,63,Male,North,Standard,49,13.7,0,New,12.955680571760356,A,0,15.904774997069081
CUST_0329,35,Male,North,Standard,9,44.4,0,YoungEngaged,35.33182648787576,A,0,36.55490955497108
CUST_0330,19,Male,West,Basic,28,44.9,0,YoungEngaged,41.43650941008261,A,0,41.17765500971277
CUST_0331,52,Female,North,Basic,31,15.6,0,Loyal,13.051138243310199,B,0,11.787639721557229
CUST_0332,33,Male,West,Basic,34,12.3,1,Loyal,10.59150880730939,B,0,11.044263980745047
CUST_0333,58,Female,South,Standard,56,21.2,0,YoungEngaged,15.141938938930721,B,0,15.846631435299788
CUST_0334,53,Male,East,Standard,15,12.8,0,New,9.955271881394665,A,0,11.199951462131452
CUST_0335,50,Female,South,Basic,48,33.9,1,At Risk,28.659008844460296,A,0,28.859660648415982
CUST_0336,21,Female,West,Premium,25,41.5,0,YoungEngaged,24.649158036716877,A,0,25.001663005073755
CUST_0337,50,Female,East,Premium,36,34.0,1,Loyal,20.459072889471436,B,0,21.134140645320198
CUST_0338,31,Male,West,Standard,8,41.4,0,New,36.83632047011357,B,0,39.410491064289104
CUST_0339,38,Male,East,Standard,9,20.5,0,YoungEngaged,17.25432719063971,A,0,16.683975824226028
CUST_0340,65,Male,East,Premium,58,8.7,0,YoungEngaged,6.040083318236604,A,1,4.219480017688087
CUST_0341,37,Female,East,Basic,58,37.2,0,New,29.852169665326972,B,0,32.504919164973806
CUST_0342,25,Male,East,Standard,37,18.7,0,YoungEngaged,16.697908526808355,A,0,16.967965885199778
CUST_0343,24,Female,West,Basic,48,33.9,0,New,24.421201598453194,A,0,23.070127232245174
CUST_0344,20,Female,East,Standard,45,14.3,0,At Risk,7.548476372988437,A,0,7.911047188014923
CUST_0345,34,Male,East,Basic,39,5.0,0,New,4.979226275488408,A,0,3.6567683187448377
CUST_0346,50,Female,South,Premium,32,49.6,0,New,34.78813611192485,A,0,35.27000217364334
CUST_0347,65,Male,North,Premium,58,8.7,0,New,9.001263778572358,B,0,8.584886176910963
CUST_0348,29,Male,North,Basic,52,49.4,0,YoungEngaged,31.007081978810803,B,0,34.26154159400683
CUST_0349,68,Female,South,Standard,17,48.9,0,YoungEngaged,44.265778186628225,B,0,47.72595881149436
CUST_0350,39,Female,South,Premium,35,39.9,1,New,34.28298741206522,B,1,37.746921967106154
CUST_0351,39,Female,West,Standard,37,33.3,0,YoungEngaged,27.92014867156938,B,0,29.25415209578182
CUST_0352,63,Male,West,Premium,19,29.3,1,Loyal,28.35345491972757,A,0,27.91534509548398
CUST_0353,47,Male,West,Standard,44,43.4,0,Loyal,43.04737222231288,B,0,45.67743636702243
CUST_0354,55,Female,South,Basic,29,15.2,0,YoungEngaged,17.231850325090655,B,1,19.044892118403272
CUST_0355,55,Female,South,Basic,59,23.9,0,YoungEngaged,9.915628843341775,A,0,8.003373867921997
CUST_0356,62,Female,East,Basic,7,31.4,0,New,18.722115166321494,A,0,19.26937996369946
CUST_0357,68,Male,West,Standard,28,21.1,0,At Risk,13.755907111521608,A,0,15.124329065994283
CUST_0358,25,Female,West,Basic,9,21.9,0,YoungEngaged,17.65045525105417,B,1,18.16647099323883
CUST_0359,44,Male,West,Standard,28,17.2,0,Loyal,16.348295102345617,A,0,16.48807207211185
CUST_0360,44,Male,North,Standard,6,28.6,0,New,19.251280934232675,A,0,19.80016476955004
CUST_0361,51,Female,East,Standard,29,42.7,0,YoungEngaged,35.09383382238539,B,0,35.14465392667794
CUST_0362,38,Male,West,Premium,58,10.9,0,Loyal,4.943085338233388,A,1,5.351010355747674
CUST_0363,47,Female,West,Premium,17,46.8,0,Loyal,34.38241098504026,A,0,34.257435198681996
CUST_0364,50,Male,West,Standard,16,34.8,0,At Risk,20.80669451575889,B,0,21.62796947272586
CUST_0365,45,Male,North,Premium,23,41.3,0,New,28.42383376944548,A,0,28.16887797589178
CUST_0366,64,Female,North,Standard,31,28.3,0,New,15.881576971918332,B,0,17.703928238758174
CUST_0367,50,Female,South,Standard,3,39.2,0,At Risk,26.48063373511334,B,0,28.463841538290378
CUST_0368,22,Female,East,Premium,21,1.8,0,At Risk,6.708208983039198,B,0,7.724925281769018
CUST_0369,65,Female,South,Basic,26,41.1,0,New,28.13300555584029,A,0,28.007551295837388
CUST_0370,36,Female,East,Basic,36,3.0,0,New,15.561910324186954,B,0,15.97969434339086
CUST_0371,21,Female,North,Premium,42,44.6,0,YoungEngaged,38.146589504404446,B,0,39.129452991495114
CUST_0372,52,Female,West,Standard,37,49.6,0,YoungEngaged,40.60418061847437,A,0,40.5355465723889
CUST_0373,66,Male,South,Premium,53,15.4,1,At Risk,8.028211099093934,B,0,7.305005964829269
CUST_0374,34,Female,West,Premium,22,11.3,1,YoungEngaged,12.541549397044957,A,1,11.173234358212147
CUST_0375,61,Male,South,Basic,42,38.5,0,Loyal,27.921810868811132,B,0,28.11848401735054
CUST_0376,45,Other,North,Premium,12,13.4,0,YoungEngaged,11.330049073226808,B,0,13.459440295396348
CUST_0377,47,Female,North,Standard,42,43.4,0,YoungEngaged,47.520422691343974,B,1,49.622450744081874
CUST_0378,46,Male,North,Standard,13,6.0,0,Loyal,4.319700501376751,A,0,1.4871809306005424
CUST_0379,63,Female,South,Standard,11,7.2,0,At Risk,11.50636663142838,A,0,12.694512366135363
CUST_0380,23,Female,East,Premium,54,49.0,0,Loyal,35.684117874370564,A,1,35.70100859061305
CUST_0381,52,Male,South,Basic,16,34.0,1,YoungEngaged,27.025057547515193,A,0,29.012333546746
CUST_0382,58,Female,East,Standard,8,42.5,0,At Risk,42.85400317817755,B,0,46.472171268644225
CUST_0383,54,Female,South,Standard,40,16.9,0,YoungEngaged,10.385164711061162,B,1,10.661038967239202
CUST_0384,41,Male,South,Standard,59,34.1,0,Loyal,36.342242789984645,A,1,34.90076072837487
CUST_0385,46,Female,North,Standard,57,30.1,0,Loyal,27.618759677277378,A,1,27.4093071116283
CUST_0386,66,Male,West,Basic,40,30.6,0,YoungEngaged,21.667666120528665,B,0,22.45121123028022
CUST_0387,63,Female,West,Basic,45,34.4,1,New,30.682038695277605,B,0,33.442023525585604
CUST_0388,48,Other,East,Basic,59,29.2,0,New,28.222772248133648,B,0,30.60554754582819
CUST_0389,52,Female,West,Premium,2,22.0,0,Loyal,20.709049811085983,A,0,19.304485554016342
CUST_0390,50,Male,South,Basic,30,14.5,0,Loyal,3.7488764005477195,A,1,2.332378765468252
CUST_0391,69,Female,South,Basic,30,38.7,0,New,27.324314120875663,A,0,27.65219364503502
CUST_0392,38,Female,North,Premium,12,12.1,0,New,8.442406822242475,B,0,9.662762970310517
CUST_0393,49,Male,North,Basic,10,34.9,0,YoungEngaged,27.54783285449977,B,0,30.829361086797768
CUST_0394,40,Female,West,Premium,44,12.4,0,YoungEngaged,13.023360487753392,B,0,15.300487427503125
CUST_0395,50,Male,East,Standard,11,31.6,0,New,26.16850500466627,B,0,29.378069942262474
CUST_0396,20,Female,West,Premium,15,37.6,0,YoungEngaged,23.403278206449496,A,0,24.314640928624218
CUST_0397,35,Male,West,Basic,16,11.7,0,YoungEngaged,11.260989255029816,B,0,14.042818951229442
CUST_0398,42,Male,West,Basic,17,3.9,0,At Risk,6.172928726419116,B,1,7.243521090725718
CUST_0399,59,Male,West,Standard,26,7.4,0,YoungEngaged,8.7189522396552,A,0,8.82470603092668
CUST_0400,48,Female,South,Premium,2,30.7,0,Loyal,29.96390362777311,B,0,30.843303089298022
CUST_0401,20,Male,East,Standard,50,42.6,0,YoungEngaged,38.249610772744525,A,0,39.51331745039919
CUST_0402,57,Female,South,Basic,12,3.2,0,YoungEngaged,4.855900396142184,B,0,4.939650205549243
CUST_0403,63,Male,East,Standard,51,37.0,0,New,29.249171442706768,A,0,29.335064449000097
CUST_0404,41,Male,North,Standard,26,17.7,0,Loyal,5.855195332420044,B,0,5.30681382437823
CUST_0405,67,Female,West,Standard,23,24.4,0,YoungEngaged,21.66809109566293,A,0,20.821775118197195
CUST_0406,49,Female,South,Standard,18,46.5,0,YoungEngaged,38.23843843581556,A,1,38.78191781448565
CUST_0407,64,Male,East,Premium,32,17.3,0,At Risk,15.19789418597687,B,0,18.27553150452465
CUST_0408,39,Female,North,Standard,49,23.8,0,YoungEngaged,12.656257120898456,A,0,12.85606755461717
CUST_0409,40,Female,North,Basic,38,1.7,0,YoungEngaged,0.5,A,0,0.7640200813336699
CUST_0410,19,Female,West,Standard,57,5.0,0,At Risk,9.265764266664519,A,0,9.80250788967698
CUST_0411,44,Male,East,Basic,47,13.7,0,New,10.762224230716726,A,0,8.54292385796919
CUST_0412,59,Male,South,Standard,3,2.4,0,YoungEngaged,5.327503486863122,A,0,6.59985698696989
CUST_0413,19,Female,West,Standard,38,31.9,0,At Risk,25.661591880652306,B,0,26.637829061879362
CUST_0414,43,Male,South,Basic,3,21.9,0,Loyal,17.668780697478727,B,0,18.895325742121766
CUST_0415,34,Female,North,Basic,30,27.9,0,New,27.01141902987999,B,0,29.53105176012834
CUST_0416,57,Female,South,Basic,1,9.6,0,Loyal,5.099776358913131,B,0,5.0771540899012635
CUST_0417,50,Female,South,Premium,30,15.5,0,Loyal,12.880603884704918,A,0,14.115725706653446
CUST_0418,26,Female,West,Premium,45,33.5,0,At Risk,24.48862355647479,B,1,26.09810125421497
CUST_0419,60,Other,South,Basic,32,48.3,0,YoungEngaged,36.467518862838425,A,0,37.200010965618226
CUST_0420,65,Male,West,Premium,28,3.5,0,At Risk,1.2541393826568035,A,0,2.0195295968272373
CUST_0421,56,Female,North,Standard,21,44.6,0,At Risk,36.790668858168566,B,0,39.995585339518534
CUST_0422,46,Male,West,Basic,58,29.3,1,At Risk,21.046256891682614,B,0,23.87736677320883
CUST_0423,59,Male,West,Basic,46,28.6,1,At Risk,29.158780627867607,A,0,28.966959169660967
CUST_0424,43,Female,East,Standard,13,25.5,1,New,15.926963488902484,B,0,18.015019979710182
CUST_0425,52,Female,South,Standard,27,4.4,0,YoungEngaged,2.5856417791932054,B,0,3.0105483568999607
CUST_0426,67,Other,North,Standard,36,5.4,0,Loyal,2.1213447086291257,A,0,1.8012527276847354
CUST_0427,42,Female,West,Basic,7,30.4,0,Loyal,31.554889421768664,B,0,31.0133956013513
CUST_0428,41,Male,North,Basic,22,17.7,0,YoungEngaged,15.142773882557874,B,0,14.383270027264977
CUST_0429,30,Male,East,Standard,10,45.9,0,Loyal,41.879222697343174,B,0,42.703335329624885
CUST_0430,24,Female,South,Basic,39,20.9,0,YoungEngaged,9.29219813481514,B,0,11.23374246767417
CUST_0431,53,Male,West,Basic,53,8.0,0,Loyal,7.735251329346294,A,0,7.338589169524377
CUST_0432,62,Male,South,Basic,15,36.0,0,At Risk,33.24815397811719,B,0,35.60378241519475
CUST_0433,37,Male,East,Premium,15,15.4,0,Loyal,12.731419946377121,A,0,13.213943995205712
CUST_0434,18,Male,East,Premium,4,26.7,1,YoungEngaged,26.687401875326756,A,0,26.97612553815178
CUST_0435,25,Male,North,Standard,32,35.2,0,YoungEngaged,25.573557749498143,B,0,25.68445608570512
CUST_0436,63,Male,West,Premium,23,45.1,0,YoungEngaged,43.126737200927906,B,1,45.49984962473693
CUST_0437,33,Male,North,Basic,55,39.8,1,YoungEngaged,43.334490618096254,A,0,41.67960318186796
CUST_0438,31,Male,East,Standard,6,34.1,0,YoungEngaged,25.465807197801706,A,0,24.50576090252224
CUST_0439,29,Other,South,Basic,24,34.3,0,New,25.212487392996138,A,0,24.982687762420944
CUST_0440,68,Male,North,Standard,20,47.4,0,New,45.1869223855885,A,0,44.33551595132819
CUST_0441,40,Male,North,Premium,58,15.5,0,Loyal,20.29786072865356,A,0,19.92727020558111
CUST_0442,32,Female,South,Standard,37,1.1,1,YoungEngaged,0.5,B,0,0.01
CUST_0443,45,Male,North,Basic,20,14.3,0,Loyal,9.339065914520715,A,0,11.442872006648125
CUST_0444,51,Female,South,Standard,12,11.7,0,YoungEngaged,7.951076955697463,B,0,7.75976397674364
CUST_0445,19,Female,West,Basic,33,33.4,0,YoungEngaged,19.99774744482861,A,0,19.875038511232887
CUST_0446,49,Male,South,Premium,28,32.1,0,New,21.08674026757901,A,0,21.26195168648752
CUST_0447,40,Male,West,Standard,8,30.1,1,New,19.059296166239662,B,0,20.799731621601158
CUST_0448,39,Female,South,Standard,1,1.8,0,At Risk,0.5,B,0,1.7386413719910512
CUST_0449,68,Female,East,Standard,37,36.7,0,New,29.186575563066096,A,0,32.171834565669506
CUST_0450,42,Male,East,Standard,22,16.9,0,At Risk,14.691073662682603,B,0,13.928997239220752
CUST_0451,39,Female,West,Basic,6,33.6,0,At Risk,34.632502464070384,A,0,33.41338785275117
CUST_0452,39,Male,West,Standard,21,28.3,1,At Risk,17.648229796306047,B,0,17.806739986888644
CUST_0453,66,Other,East,Basic,32,17.8,0,At Risk,19.16161199238292,A,0,19.27933320976383
CUST_0454,69,Male,West,Standard,35,7.6,0,At Risk,5.010055778872456,B,0,5.759504585516473
CUST_0455,59,Female,South,Premium,15,5.6,0,Loyal,4.232681451737835,B,0,4.707857978337593
CUST_0456,23,Female,South,Premium,5,41.7,0,New,36.73409746083303,B,0,40.87053404580694
CUST_0457,32,Female,East,Standard,56,46.0,0,At Risk,31.18638989218851,B,0,32.27047658547572
CUST_0458,60,Female,North,Standard,46,32.8,1,YoungEngaged,28.152048730920253,A,0,28.245421105196904
CUST_0459,54,Male,South,Basic,50,6.1,0,New,5.712261041065281,B,1,8.071184456291652
CUST_0460,50,Male,West,Standard,48,20.7,1,New,19.022256320040743,B,0,22.645388130235983
CUST_0461,25,Male,North,Basic,6,36.7,0,At Risk,30.805843219539092,A,0,31.78841668316687
CUST_0462,61,Male,North,Standard,25,39.2,0,Loyal,43.636500699554475,B,0,44.76450410095912
CUST_0463,61,Female,South,Basic,56,6.8,0,At Risk,2.2513000787434208,A,0,2.9076609485719693
CUST_0464,22,Male,South,Basic,46,1.0,0,Loyal,0.5,A,0,0.2269802392739806
CUST_0465,56,Male,North,Standard,59,35.9,1,YoungEngaged,25.60429736787618,B,0,26.047249805220286
CUST_0466,21,Other,North,Basic,56,18.5,0,New,12.022614404198727,B,0,12.165746895774978
CUST_0467,23,Female,East,Standard,40,13.5,0,YoungEngaged,7.613064363467412,B,0,7.385842320964965
CUST_0468,62,Female,West,Basic,29,1.6,0,Loyal,7.225082655537759,A,0,7.590208067520769
CUST_0469,49,Other,East,Basic,7,27.5,0,Loyal,29.102521239949276,B,0,30.73046838024413
CUST_0470,69,Male,South,Standard,40,42.7,0,YoungEngaged,31.306268531252623,A,0,30.1760648065787
CUST_0471,47,Male,East,Basic,13,47.9,0,Loyal,34.158222134478855,B,1,33.39333020512775
CUST_0472,64,Female,East,Basic,38,28.7,0,YoungEngaged,25.31707778193202,A,1,27.72875445751044
CUST_0473,52,Female,East,Standard,18,26.2,0,New,18.198884778595144,B,0,21.212483369905737
CUST_0474,57,Male,East,Basic,2,5.2,0,YoungEngaged,7.324659088777554,A,0,8.841053144031127
CUST_0475,69,Female,West,Premium,8,27.9,0,New,23.3346151042565,A,0,23.702096769730804
CUST_0476,33,Male,West,Basic,11,19.6,0,YoungEngaged,8.101279425013843,A,0,8.703397745406326
CUST_0477,30,Male,North,Basic,33,30.7,0,Loyal,32.29752600665031,B,0,32.10073393676837
CUST_0478,67,Female,South,Standard,54,20.0,1,YoungEngaged,24.97938836547761,B,0,25.68923508060251
CUST_0479,59,Female,East,Basic,38,12.8,0,Loyal,7.176056547578071,A,0,8.146997878954933
CUST_0480,47,Female,North,Basic,48,5.7,0,YoungEngaged,2.6214922003200796,A,0,2.693529061603824
CUST_0481,36,Male,North,Basic,27,16.4,0,YoungEngaged,14.549326953624524,B,0,14.728524506380674
CUST_0482,34,Female,North,Basic,20,5.7,0,At Risk,6.232283949935125,B,0,5.556396139163219
CUST_0483,36,Male,West,Premium,12,9.7,0,Loyal,11.052721363364153,B,0,11.913563122426973
CUST_0484,45,Male,East,Basic,43,49.4,0,At Risk,49.57102269383175,A,0,50.404830032991114
CUST_0485,43,Female,East,Standard,31,22.8,0,Loyal,17.355263862529753,B,0,16.977100161819276
CUST_0486,54,Female,South,Premium,27,27.1,0,At Risk,17.688513777307733,B,0,18.575818015246412
CUST_0487,43,Female,East,Standard,32,43.8,0,New,28.143403859927364,A,0,27.829874173754966
CUST_0488,40,Female,East,Premium,10,49.8,0,YoungEngaged,36.18534980029041,B,0,38.82795120208524
CUST_0489,26,Female,North,Basic,3,29.6,1,Loyal,23.514365135631017,A,0,25.116618361237926
CUST_0490,29,Female,South,Premium,45,40.8,0,Loyal,41.61278931758894,B,0,42.68551635327093
CUST_0491,18,Male,East,Basic,27,17.0,0,YoungEngaged,11.011943504819143,B,0,10.457677886997581
CUST_0492,18,Male,West,Standard,35,16.0,1,Loyal,13.918939758194494,A,0,13.176933622536854
CUST_0493,64,Male,East,Standard,31,20.7,0,Loyal,16.47788551963624,A,0,16.059922015797593
CUST_0494,51,Male,North,Basic,15,34.0,0,At Risk,33.14196636724042,B,0,36.56476266853548
CUST_0495,49,Female,West,Standard,16,34.4,0,Loyal,40.154662129368106,B,0,38.53801012454371
CUST_0496,65,Female,North,Standard,13,16.4,1,New,10.465656135398396,B,0,12.532931426137797
CUST_0497,42,Male,East,Basic,49,7.5,0,New,3.5528027874088894,A,1,4.474604289386142
CUST_0498,57,Male,West,Basic,35,32.0,1,YoungEngaged,30.82080438534536,A,0,30.60859541544421
CUST_0499,62,Female,South,Standard,52,7.3,0,Loyal,9.249457448131556,B,0,12.150393169407069
CUST_0500,18,Male,South,Standard,11,29.3,0,YoungEngaged,32.67353662868017,B,0,34.52775488712805
CUST_0501,33,Female,West,Premium,59,35.0,1,New,30.919640926629818,B,0,33.48173454907278
CUST_0502,56,Female,West,Standard,21,35.3,0,Loyal,26.443539546064702,A,0,27.718131421358216
CUST_0503,22,Female,North,Premium,51,37.9,0,Loyal,33.27327415346155,A,0,34.08333645751424
CUST_0504,39,Female,West,Standard,54,43.8,0,YoungEngaged,40.58351790291454,B,0,43.830652950365824
CUST_0505,46,Female,North,Basic,11,25.5,0,New,24.50241090598682,B,0,28.2614778584601
CUST_0506,20,Male,East,Basic,30,36.8,1,Loyal,31.976370155536486,B,1,32.34617902708988
CUST_0507,29,Female,North,Standard,48,31.3,0,YoungEngaged,30.373373447945774,B,0,31.37884575582967
CUST_0508,43,Female,West,Standard,53,10.1,0,New,13.926477952228364,A,0,14.409165839437577
CUST_0509,33,Male,West,Basic,35,2.3,0,YoungEngaged,8.750794955187637,B,0,8.470415812199418
CUST_0510,68,Female,East,Basic,22,14.9,0,At Risk,15.163549437948216,B,0,14.480668551676786
CUST_0511,54,Female,West,Premium,38,22.7,0,Loyal,17.324409598415727,B,0,18.864854050372323
CUST_0512,39,Female,West,Standard,31,31.2,0,At Risk,25.693568432166614,A,0,25.265812745119863
CUST_0513,46,Female,South,Standard,14,42.6,0,New,40.112544832541786,B,0,46.46398213085936
CUST_0514,31,Female,South,Standard,24,10.6,1,At Risk,4.39532164506382,A,1,4.129774807045396
CUST_0515,45,Female,East,Basic,50,7.2,0,At Risk,7.603366544364507,A,0,8.08679203247911
CUST_0516,22,Female,North,Basic,49,48.2,0,New,36.5933059383632,B,0,39.861957844722376
CUST_0517,64,Female,South,Basic,32,6.3,1,YoungEngaged,5.183724114674088,B,0,5.212385695227542
CUST_0518,66,Female,North,Basic,36,24.4,0,At Risk,25.912259313036493,B,0,28.15553842024181
CUST_0519,47,Female,West,Standard,32,29.7,0,YoungEngaged,24.71549534009952,B,0,27.130995315465206
CUST_0520,63,Female,South,Standard,55,27.5,0,At Risk,22.232182740780743,A,0,21.68567534627199
CUST_0521,69,Male,East,Premium,15,5.2,1,YoungEngaged,0.5,B,0,0.7191076309533577
CUST_0522,22,Female,East,Premium,43,3.8,0,New,6.771267830136104,B,0,6.666317148738173
CUST_0523,29,Female,East,Basic,58,6.2,1,At Risk,8.187420905705377,A,0,7.671703835772375
CUST_0524,33,Male,South,Standard,35,29.7,0,New,34.5762736165273,B,0,39.74308791735408
CUST_0525,43,Female,North,Standard,3,27.7,0,At Risk,20.621108825234995,B,1,23.3037614784066
CUST_0526,43,Male,West,Premium,16,12.5,0,New,11.095751638319694,B,0,12.698737145743706
CUST_0527,65,Male,North,Basic,5,32.3,0,New,27.086918418553775,B,0,30.888824904019753
CUST_0528,38,Female,North,Standard,21,41.2,0,At Risk,40.847266398817375,A,1,41.145248635194825
CUST_0529,56,Male,West,Standard,10,3.0,0,At Risk,1.92352233806524,A,0,2.6844270812221476
CUST_0530,53,Female,West,Basic,19,25.4,0,At Risk,21.715107628851698,B,0,23.257371030730877
CUST_0531,50,Female,South,Basic,25,34.8,0,Loyal,30.879482548582697,A,1,31.954658484251155
CUST_0532,47,Female,South,Standard,4,13.4,0,YoungEngaged,11.65304561578179,A,0,10.701127155759554
CUST_0533,54,Male,South,Standard,29,16.1,0,Loyal,10.647831927247362,A,0,9.279127383687694
CUST_0534,40,Male,South,Basic,19,31.1,0,Loyal,25.850449964491542,B,1,26.030561138197882
CUST_0535,27,Female,South,Standard,43,45.0,0,New,41.36815874929886,B,0,46.67292701561522
CUST_0536,22,Other,West,Basic,2,40.7,0,At Risk,27.427423502944702,A,0,27.227894829615295
CUST_0537,53,Female,North,Standard,10,29.6,0,YoungEngaged,24.344848370734383,B,0,25.030876494663506
CUST_0538,51,Male,South,Basic,43,36.8,0,New,25.939395925304133,A,1,26.359490415755975
CUST_0539,69,Female,South,Premium,25,18.9,0,Loyal,21.09523314462421,B,0,21.93183633624758
CUST_0540,48,Female,North,Basic,20,32.4,1,At Risk,18.304065476081128,A,0,17.140876015027487
CUST_0541,27,Female,South,Basic,48,23.8,0,New,16.24539076364206,A,0,16.852241356857732
CUST_0542,36,Male,North,Basic,19,10.3,0,At Risk,10.126059375322605,B,0,10.567313895755873
CUST_0543,49,Female,North,Basic,23,35.4,0,New,36.147620146171704,B,0,40.87603048464046
CUST_0544,18,Female,West,Standard,24,28.3,0,At Risk,22.31124869463506,A,0,21.57544477959223
CUST_0545,22,Other,East,Basic,11,18.6,0,Loyal,12.104002366534012,B,0,13.838002060209964
CUST_0546,62,Male,West,Premium,46,45.7,0,YoungEngaged,45.96578534720295,A,0,46.043265865721814
CUST_0547,21,Female,East,Basic,34,2.0,0,Loyal,0.5,B,1,1.6758060192083855
CUST_0548,33,Female,East,Basic,55,16.5,0,YoungEngaged,2.2059702168995923,A,0,2.463722757042343
CUST_0549,41,Male,East,Basic,28,3.8,0,At Risk,5.240072250266662,A,0,5.44374433515976
CUST_0550,33,Female,South,Basic,5,38.6,0,New,28.36972887823695,A,0,30.42627244306649
CUST_0551,19,Female,West,Basic,59,35.4,0,Loyal,23.213835914346433,B,0,23.473657652948138
CUST_0552,66,Male,East,Standard,5,17.2,0,YoungEngaged,17.301782236496766,A,0,16.060021661015142
CUST_0553,45,Male,North,Standard,51,34.1,1,Loyal,28.499003568855997,B,0,28.933729314839425
CUST_0554,49,Female,South,Standard,21,20.4,0,YoungEngaged,13.499606846316357,A,0,13.833783263561255
CUST_0555,44,Male,West,Standard,12,38.1,0,Loyal,24.078478006645533,A,0,25.62647776056955
CUST_0556,37,Female,East,Standard,50,23.3,1,YoungEngaged,23.002286641400723,A,0,22.847027592575973
CUST_0557,41,Male,North,Basic,4,21.2,0,YoungEngaged,20.211005889793306,A,1,18.303198331915915
CUST_0558,29,Female,West,Standard,54,46.8,0,At Risk,36.94412068110309,B,0,40.30142161814991
CUST_0559,67,Male,West,Premium,49,13.3,0,YoungEngaged,19.873184980238328,A,0,19.012799969458825
CUST_0560,52,Female,South,Standard,42,6.9,1,At Risk,0.5,A,0,0.6915209638659648
CUST_0561,50,Other,West,Standard,20,29.6,0,YoungEngaged,16.05237414537631,A,0,15.638768611954664
CUST_0562,50,Other,South,Basic,38,48.5,0,New,35.34045965059378,B,0,38.25484268035395
CUST_0563,68,Female,East,Standard,25,19.5,0,New,15.372069918222513,A,0,14.241181482896597
CUST_0564,60,Male,South,Standard,14,4.0,1,New,4.4166972466134595,A,1,4.890329323424914
CUST_0565,54,Female,North,Standard,11,17.6,0,YoungEngaged,12.873819710718353,B,0,14.00138734744231
CUST_0566,29,Male,South,Premium,32,25.8,0,At Risk,22.400276982571484,B,0,24.000188088455765
CUST_0567,20,Male,North,Basic,11,8.9,1,At Risk,0.8623028790477809,B,0,2.32178689061235
CUST_0568,18,Male,South,Basic,18,33.2,0,YoungEngaged,33.7788230203663,B,0,34.3654720215482
CUST_0569,50,Female,West,Standard,27,49.9,0,New,39.50924410803716,B,0,45.297671107623074
CUST_0570,57,Female,East,Premium,55,23.1,0,New,24.066479157940638,B,0,28.12404664932129
CUST_0571,27,Female,North,Basic,54,18.4,0,At Risk,16.43362673188852,B,0,16.636903858305168
CUST_0572,60,Male,South,Basic,18,20.6,1,New,18.76376609576892,B,0,20.786027283193164
CUST_0573,61,Male,South,Basic,56,6.6,0,Loyal,8.12883640116102,A,0,7.367428857876216
CUST_0574,46,Other,South,Basic,23,44.3,0,At Risk,37.678542800086575,A,1,37.919780937741926
CUST_0575,30,Male,West,Standard,11,21.3,0,New,20.25361379933772,A,0,19.32723266935618
CUST_0576,29,Male,West,Standard,21,20.0,0,At Risk,22.645762650662157,B,0,24.405779507550044
CUST_0577,48,Male,North,Basic,44,33.3,1,Loyal,27.62260584850735,B,0,29.178624525660783
CUST_0578,63,Female,North,Basic,5,22.7,0,At Risk,21.705018787942564,B,0,23.647106665938654
CUST_0579,19,Female,West,Basic,23,32.8,0,At Risk,25.791321528563866,B,0,27.476173199002517
CUST_0580,68,Male,North,Basic,41,4.0,0,At Risk,10.400586077247365,B,0,8.361350300469692
CUST_0581,67,Male,East,Standard,59,40.9,1,At Risk,29.33803848970365,A,0,29.859333780299405
CUST_0582,52,Female,East,Premium,25,47.1,0,Loyal,46.68470216455408,A,0,46.876995142695975
CUST_0583,40,Female,West,Premium,41,32.8,0,YoungEngaged,26.039210246778282,A,1,27.926897904118473
CUST_0584,34,Male,North,Basic,54,47.8,0,At Risk,31.086124489409762,B,0,33.412109540513356
CUST_0585,43,Female,South,Premium,10,8.4,0,At Risk,7.360522074553947,A,0,7.3663326330963965
CUST_0586,25,Male,East,Standard,22,24.4,0,New,16.114741712625595,A,0,16.670254358967842
CUST_0587,46,Male,West,Standard,19,30.5,0,At Risk,28.60321774494362,A,0,28.86827378978393
CUST_0588,43,Female,North,Standard,1,29.5,0,New,20.336880103488046,A,0,19.418193592001952
CUST_0589,27,Male,West,Basic,7,20.7,0,YoungEngaged,14.329082833926101,A,1,14.88563595845986
CUST_0590,43,Female,South,Basic,4,17.6,0,Loyal,4.632296345272348,B,0,7.058186676463095
CUST_0591,51,Male,East,Basic,1,7.2,1,Loyal,3.498468403754617,B,0,3.760720446228751
CUST_0592,68,Male,West,Basic,15,20.2,0,YoungEngaged,4.040603366855217,B,0,4.923993045640926
CUST_0593,58,Other,West,Basic,40,9.0,1,Loyal,0.5,B,0,2.4670636405416415
CUST_0594,24,Male,West,Standard,12,37.0,0,YoungEngaged,33.40207328072149,A,0,32.0665917116216
CUST_0595,21,Female,South,Standard,22,11.2,0,YoungEngaged,12.88900079325416,B,0,13.942058140618636
CUST_0596,67,Male,West,Standard,22,3.9,1,YoungEngaged,5.247287808924824,A,0,5.733324098342461
CUST_0597,62,Male,South,Basic,50,28.1,0,Loyal,17.64511928435394,A,0,17.49689640676217
CUST_0598,28,Male,South,Premium,47,30.2,0,New,23.9214432192901,A,0,23.504076405685016
CUST_0599,46,Female,South,Premium,17,43.7,1,YoungEngaged,34.94198730454716,A,0,33.394683315608795
CUST_0600,53,Male,East,Standard,29,29.3,0,At Risk,17.64817655403729,B,0,19.96020766527274
CUST_0601,42,Female,East,Premium,46,17.9,0,Loyal,21.83699150883575,B,0,22.032316928592262
CUST_0602,38,Male,West,Standard,14,40.3,0,YoungEngaged,36.62681145287836,A,0,37.70950250676543
CUST_0603,53,Other,West,Premium,50,27.5,0,YoungEngaged,20.89517913085168,B,0,21.63212961625538
CUST_0604,27,Male,East,Basic,20,4.9,0,At Risk,4.054429194972654,A,0,4.0094023721437875
CUST_0605,54,Female,North,Basic,50,28.7,0,New,24.001914039737763,B,0,26.838666774692435
CUST_0606,26,Female,East,Basic,48,45.5,0,New,26.191325657878544,B,0,27.803177234268247
CUST_0607,41,Female,South,Basic,33,20.4,0,New,15.084113087397016,A,0,14.78902317315911
CUST_0608,52,Female,East,Basic,55,15.5,0,YoungEngaged,8.990078760011007,B,1,8.600996899564327
CUST_0609,66,Female,South,Standard,59,8.0,0,YoungEngaged,1.3918999505254224,B,0,0.5748140257682361
CUST_0610,52,Female,West,Standard,43,8.4,0,YoungEngaged,5.314498535570226,A,0,4.8433738837523475
CUST_0611,65,Male,North,Standard,15,22.2,0,Loyal,26.748432634247614,A,0,25.869949797699544
CUST_0612,53,Male,West,Basic,12,30.2,0,At Risk,27.36421430633505,A,0,28.51294778926449
CUST_0613,35,Female,South,Premium,40,5.0,0,YoungEngaged,1.144105051086016,B,0,1.7361276399862269
CUST_0614,66,Female,South,Standard,54,47.0,0,At Risk,40.46291390678079,A,0,41.89525593799829
CUST_0615,56,Female,South,Basic,20,38.0,0,At Risk,37.39677718293001,A,0,36.20776590054997
CUST_0616,49,Female,North,Standard,30,29.7,1,New,28.383168414563848,A,0,29.358985133908558
CUST_0617,41,Male,East,Basic,38,41.6,0,Loyal,33.57815184960087,B,0,35.201675250102696
CUST_0618,40,Male,West,Basic,3,4.9,0,YoungEngaged,0.6853161114721309,B,0,1.9485624195347993
CUST_0619,49,Female,West,Premium,28,24.4,0,New,23.011116568067948,A,0,23.92957101201036
CUST_0620,54,Male,East,Basic,56,31.9,0,New,27.487426927108746,B,0,31.300172914379633
CUST_0621,29,Male,West,Standard,26,41.6,1,YoungEngaged,37.755966100138664,B,0,39.006456658116804
CUST_0622,66,Female,North,Premium,30,39.4,1,At Risk,34.69585900840985,A,1,34.44060706630759
CUST_0623,30,Male,West,Standard,13,14.6,0,New,16.927763576596675,A,0,15.68204620015029
CUST_0624,40,Female,South,Basic,13,47.1,0,At Risk,35.00382394219716,B,0,38.58223904369895
CUST_0625,42,Male,East,Basic,2,7.1,1,Loyal,12.266970328171627,A,0,10.854434564750624
CUST_0626,52,Female,North,Basic,37,43.9,1,At Risk,36.107998023461995,B,0,39.35141634750915
CUST_0627,58,Male,East,Standard,49,48.6,0,Loyal,49.25630436312633,A,0,47.512456246493436
CUST_0628,47,Male,North,Standard,38,9.7,0,At Risk,4.31406090955216,A,0,4.346785401092868
CUST_0629,34,Male,South,Basic,2,36.4,0,New,37.799819015826245,B,0,42.90785473943954
CUST_0630,66,Male,East,Premium,36,3.0,1,New,3.3895539173132394,A,0,3.444488028313088
CUST_0631,37,Male,West,Standard,54,20.9,0,Loyal,13.462909981927757,B,0,14.833323943813598
CUST_0632,65,Male,North,Basic,26,26.3,0,YoungEngaged,18.620570829728393,A,0,18.52693464098922
CUST_0633,42,Female,East,Standard,11,29.5,0,Loyal,21.9982634590284,A,0,22.117281865082376
CUST_0634,39,Male,West,Standard,8,46.9,0,Loyal,39.640829732009585,A,0,38.11551064177613
CUST_0635,30,Female,East,Basic,44,33.9,0,At Risk,29.7341774401775,B,0,31.01504927704248
CUST_0636,36,Female,East,Basic,40,24.6,1,At Risk,16.811499980307108,B,0,18.55172944119016
CUST_0637,66,Female,East,Premium,43,40.7,0,Loyal,32.43822703869509,B,0,32.67703107561622
CUST_0638,53,Male,North,Standard,22,47.6,0,New,48.79135179305932,A,0,48.08177193831015
CUST_0639,29,Female,West,Standard,20,2.1,0,At Risk,10.317715850503557,A,0,10.050801138489236
CUST_0640,58,Male,South,Standard,8,49.1,0,YoungEngaged,41.46161834837016,B,0,43.99308596934015
CUST_0641,36,Male,North,Basic,29,5.2,0,At Risk,4.350017390841002,B,0,4.124580960566044
CUST_0642,29,Other,North,Basic,40,40.9,0,At Risk,33.3201566335913,B,0,36.339252070227275
CUST_0643,26,Male,North,Standard,26,14.7,0,YoungEngaged,14.827589863652083,A,0,16.153386511194274
CUST_0644,24,Female,South,Basic,30,7.5,0,Loyal,0.8860371740079724,B,0,0.15667983818649034
CUST_0645,45,Female,West,Basic,17,22.6,0,YoungEngaged,16.793117312883275,B,0,15.545746159925372
CUST_0646,31,Female,West,Premium,20,32.6,0,Loyal,17.737079630612055,B,0,19.23721041177165
CUST_0647,48,Female,West,Premium,52,19.7,1,Loyal,17.756115613026395,B,0,17.579680988043865
CUST_0648,69,Male,East,Standard,55,3.7,1,Loyal,6.195979698513705,B,0,5.425549379808577
CUST_0649,36,Male,East,Premium,16,30.4,0,YoungEngaged,21.90406768850313,A,0,20.61690411991888
CUST_0650,64,Female,East,Basic,46,45.2,0,Loyal,44.02993381645017,B,0,44.226572990980074
CUST_0651,33,Male,South,Premium,43,19.8,1,New,9.711171684988296,A,0,8.452666774312961
CUST_0652,22,Male,East,Basic,7,11.6,0,YoungEngaged,1.9581255989508985,B,1,1.4714141482412442
CUST_0653,52,Male,South,Premium,16,22.7,0,New,19.282259092799862,A,1,19.06524204237549
CUST_0654,29,Male,West,Premium,45,3.4,1,Loyal,7.955491513060773,A,0,6.82167591797389
CUST_0655,42,Male,East,Standard,59,41.2,0,At Risk,41.379638457289346,A,1,43.17256104862022
CUST_0656,69,Male,East,Premium,47,41.5,0,Loyal,30.905578685655303,A,0,30.687542807457085
CUST_0657,38,Female,North,Standard,56,29.8,1,New,29.233404167156483,A,0,28.924921378700663
CUST_0658,53,Female,South,Basic,48,18.3,0,New,14.447457652496464,A,0,16.874174138841987
CUST_0659,40,Female,West,Standard,27,40.2,0,YoungEngaged,31.296863500295906,B,0,32.8306477424398
CUST_0660,33,Male,North,Standard,53,28.2,0,At Risk,26.978299687433363,B,0,29.25806867382975
CUST_0661,56,Male,North,Basic,23,41.5,0,YoungEngaged,36.4616143920671,B,0,37.37501169468862
CUST_0662,62,Male,West,Standard,24,31.9,0,New,17.638039215078752,A,0,18.07099904043945
CUST_0663,59,Female,North,Premium,9,39.4,0,Loyal,38.90270174862948,B,0,39.14514244517666
CUST_0664,56,Female,South,Basic,35,30.3,1,At Risk,31.14045677073726,B,1,32.65531804111287
CUST_0665,31,Male,South,Standard,51,21.3,0,Loyal,13.912186492452356,B,0,15.04704732692708
CUST_0666,48,Female,East,Premium,20,47.9,0,Loyal,40.299017667187044,B,0,41.62004069380697
CUST_0667,22,Male,North,Premium,37,27.5,0,At Risk,24.470150931413695,B,0,25.53530716656989
CUST_0668,52,Female,East,Premium,42,30.6,0,YoungEngaged,25.78336882911954,A,0,24.386250644006548
CUST_0669,40,Female,North,Standard,17,11.8,0,Loyal,6.688474230772901,A,0,4.049665730513
CUST_0670,46,Female,South,Premium,47,31.7,1,New,22.001883160309742,B,0,24.579918122547603
CUST_0671,60,Female,South,Standard,31,29.0,1,Loyal,23.072229645042775,B,0,24.249332482701522
CUST_0672,28,Female,South,Basic,55,10.1,0,At Risk,13.943645096296823,B,0,15.414159158422088
CUST_0673,35,Male,North,Standard,57,3.9,0,At Risk,5.838000772972162,A,0,6.061956051061896
CUST_0674,64,Female,South,Standard,8,30.6,0,At Risk,22.626928339569474,B,0,24.21596951144653
CUST_0675,29,Male,North,Basic,15,38.4,0,YoungEngaged,34.57849355324172,B,0,35.37091185611421
CUST_0676,26,Female,East,Standard,31,26.6,0,Loyal,7.037286896849624,B,0,7.599412445884699
CUST_0677,27,Female,North,Standard,53,12.1,0,YoungEngaged,15.423828501860516,B,0,15.527240370484655
CUST_0678,61,Female,East,Basic,30,33.7,1,YoungEngaged,18.261431106109505,A,0,17.6778317797635
CUST_0679,34,Male,North,Standard,46,4.9,0,At Risk,2.1077952929843393,A,0,1.3024234659339955
CUST_0680,55,Female,East,Standard,20,22.6,0,At Risk,12.481650526869283,A,0,13.078092866429953
CUST_0681,24,Female,South,Standard,39,9.0,0,YoungEngaged,0.7265926213954712,A,0,1.7649714724147878
CUST_0682,63,Female,East,Basic,53,10.0,0,Loyal,13.804133936892597,A,0,14.5831136489366
CUST_0683,30,Male,South,Basic,55,10.9,0,New,6.381493993440544,B,0,8.271626632523914
CUST_0684,57,Male,South,Basic,12,19.9,0,YoungEngaged,17.65251940865358,B,0,18.827338107412633
CUST_0685,59,Male,East,Premium,49,3.5,0,Loyal,2.56539710560408,A,1,0.1555089384972721
CUST_0686,26,Male,North,Basic,17,20.5,0,At Risk,18.78520413611561,A,0,19.056178674961803
CUST_0687,67,Female,North,Standard,42,26.1,0,At Risk,21.26410945530128,B,0,22.124956781068256
CUST_0688,44,Male,West,Basic,30,24.7,0,Loyal,13.345038879057153,A,1,13.26766648772438
CUST_0689,19,Other,North,Basic,29,19.8,0,New,20.821334097235702,A,0,19.443716596481465
CUST_0690,22,Male,West,Premium,19,42.1,0,At Risk,31.211217084193436,A,0,31.515410003746858
CUST_0691,46,Male,North,Standard,46,8.1,0,At Risk,0.5,A,0,2.30787615879919
CUST_0692,54,Female,North,Basic,11,25.8,0,At Risk,18.499424195170437,B,0,19.05654794105724
CUST_0693,55,Female,South,Standard,34,4.0,0,Loyal,10.703798953171553,A,0,10.718818179765842
CUST_0694,36,Female,West,Basic,50,4.5,0,YoungEngaged,7.851108710567464,B,0,8.056335127689463
CUST_0695,25,Female,North,Standard,7,29.1,0,At Risk,21.536739327960706,A,0,21.887524503715515
CUST_0696,65,Female,West,Standard,44,28.7,0,YoungEngaged,21.213711478407856,A,0,19.694365402931012
CUST_0697,62,Male,South,Basic,58,44.0,0,New,33.59182474391309,A,0,33.027050739742144
CUST_0698,18,Other,South,Basic,34,28.3,0,At Risk,33.02373991780421,A,1,32.72007839393021
CUST_0699,39,Other,West,Basic,59,48.0,0,At Risk,40.30967726115777,B,0,43.230620594064185
CUST_0700,69,Female,South,Premium,20,3.4,1,New,4.8702082359553485,B,1,5.12055599329005
CUST_0701,34,Male,East,Premium,50,5.8,0,At Risk,9.791417270159211,B,0,12.142835446490158
CUST_0702,24,Female,East,Basic,38,3.2,1,YoungEngaged,3.753945795132568,B,0,1.7034118515642245
CUST_0703,42,Male,South,Standard,24,10.1,0,Loyal,6.784789270896485,B,0,6.326644894067776
CUST_0704,62,Male,East,Basic,10,27.5,0,YoungEngaged,21.01825075457511,A,0,18.186095156464543
CUST_0705,21,Male,North,Basic,32,32.6,1,Loyal,25.721993702929684,B,0,26.933536432896553
CUST_0706,53,Male,West,Standard,52,3.2,0,Loyal,2.3738888174507924,A,0,2.9119505376326016
CUST_0707,23,Female,North,Premium,15,47.4,0,YoungEngaged,41.5581477181849,B,0,41.51535495145908
CUST_0708,48,Female,West,Premium,37,42.3,0,YoungEngaged,34.09972942903649,A,1,33.64857057062749
CUST_0709,36,Female,South,Standard,20,15.5,0,YoungEngaged,16.063200386077895,A,0,16.614941185988815
CUST_0710,61,Male,North,Basic,3,4.8,0,YoungEngaged,3.4364170994570884,B,1,3.001372776572768
CUST_0711,56,Male,South,Standard,37,9.3,0,New,7.833175951580454,A,0,8.854559247009853
CUST_0712,44,Male,South,Basic,57,7.2,1,At Risk,0.5,A,0,0.01
CUST_0713,27,Other,West,Standard,40,7.0,0,Loyal,10.181638373512408,B,0,11.56772496758796
CUST_0714,43,Male,West,Basic,8,26.4,1,YoungEngaged,22.852442379489965,A,0,24.052704129228793
CUST_0715,36,Female,West,Standard,40,13.0,1,YoungEngaged,15.390050549298262,B,1,16.61723966281673
CUST_0716,56,Female,North,Basic,44,18.5,0,YoungEngaged,0.5,A,0,0.03683863791460101
CUST_0717,20,Male,East,Basic,56,49.5,0,New,50.04187352390364,B,0,56.611504272665684
CUST_0718,62,Female,West,Premium,23,34.5,1,YoungEngaged,26.902051859224134,A,0,26.49062525210813
CUST_0719,30,Female,West,Basic,40,47.5,1,YoungEngaged,43.54091408368758,B,0,42.97045494514673
CUST_0720,67,Female,North,Standard,11,8.0,0,YoungEngaged,1.2004703643723458,A,1,2.354371098628093
CUST_0721,45,Female,West,Basic,46,19.7,0,At Risk,18.823869525312848,B,0,19.803701055125916
CUST_0722,37,Male,North,Basic,8,28.2,0,New,17.292922184131722,B,0,18.348408507535414
CUST_0723,45,Male,South,Basic,29,4.8,0,YoungEngaged,0.7211551965209742,A,0,0.01
CUST_0724,25,Female,West,Basic,30,1.2,0,Loyal,10.530156769333932,A,0,10.488475966944037
CUST_0725,58,Female,West,Premium,56,33.9,0,Loyal,26.166587996183267,B,0,27.27442297222624
CUST_0726,56,Male,South,Basic,10,32.4,0,Loyal,27.007164365898618,B,0,27.996963559842442
CUST_0727,18,Female,South,Premium,39,21.1,0,New,21.230338653443773,B,0,23.75442714098279
CUST_0728,20,Female,South,Standard,28,25.0,0,New,22.47840943986302,B,0,25.001464314743753
CUST_0729,30,Female,West,Standard,49,21.4,0,Loyal,17.872094525717884,B,1,17.462481909661566
CUST_0730,45,Male,East,Standard,36,2.2,0,YoungEngaged,3.5848050123311275,A,0,3.1962842371481184
CUST_0731,66,Female,East,Standard,13,17.4,0,New,25.937077926191375,B,0,29.274835199375282
CUST_0732,42,Female,East,Standard,32,9.7,0,Loyal,7.471906014832073,B,0,7.8331612141031925
CUST_0733,50,Male,West,Basic,36,5.8,0,Loyal,5.645495233574837,A,0,7.663403197408076
CUST_0734,55,Male,South,Basic,37,47.9,0,YoungEngaged,43.57327198003806,B,0,45.252205402888336
CUST_0735,23,Other,West,Premium,26,30.4,1,At Risk,29.84762966478992,B,0,32.22142049971553
CUST_0736,61,Male,South,Premium,22,36.7,0,New,35.295151527801906,A,0,37.38359430067183
CUST_0737,62,Female,West,Premium,4,16.5,0,YoungEngaged,16.393651110145925,B,0,16.687085809135798
CUST_0738,49,Female,West,Standard,31,20.3,0,Loyal,10.524975436347585,B,0,9.915233615625835
CUST_0739,62,Male,South,Standard,18,12.6,1,Loyal,18.24715766150548,B,0,18.588072956654987
CUST_0740,64,Female,East,Standard,38,5.8,0,YoungEngaged,0.5,A,0,0.6904238899250578
CUST_0741,38,Male,South,Standard,24,9.8,0,New,9.353177326195167,A,0,7.767194013957209
CUST_0742,33,Female,North,Basic,56,40.1,0,At Risk,28.308620749903216,B,0,30.674954697584987
CUST_0743,38,Male,North,Standard,23,34.2,0,At Risk,27.03930826703504,B,0,28.0714265369059
CUST_0744,28,Female,South,Basic,22,27.8,0,Loyal,23.883812051517403,A,0,24.1001289330859
CUST_0745,54,Male,West,Basic,2,24.3,0,New,21.046786077251365,A,0,19.16686169211232
CUST_0746,53,Male,North,Premium,31,46.2,0,At Risk,39.069603771176425,A,0,38.904204753032914
CUST_0747,52,Other,North,Basic,55,4.6,0,New,11.748556345293235,B,0,12.788856177895065
CUST_0748,36,Male,West,Basic,11,14.7,0,New,14.027671507569899,B,0,15.579519492806622
CUST_0749,37,Female,West,Basic,28,18.1,0,Loyal,13.259216823546758,A,1,14.312829222790418
CUST_0750,35,Male,East,Premium,46,39.3,0,At Risk,36.26043584144178,A,0,37.56640575876897
CUST_0751,64,Female,West,Standard,32,49.6,0,YoungEngaged,45.62735244462321,B,1,49.297057845062824
CUST_0752,58,Male,South,Standard,5,12.8,0,Loyal,4.10196092431504,A,1,3.378498115444752
CUST_0753,66,Other,South,Premium,38,43.8,0,At Risk,38.02700034924929,B,0,39.30632789334654
CUST_0754,31,Male,East,Premium,10,41.7,0,At Risk,36.865863711554496,B,0,38.78849207374313
CUST_0755,32,Male,North,Basic,40,12.0,0,At Risk,8.112182483200042,A,0,8.021013363643855
CUST_0756,48,Male,North,Standard,46,20.6,1,At Risk,23.3585340665581,A,0,21.1184841680386
CUST_0757,18,Male,West,Standard,24,21.1,0,At Risk,16.12972206483737,A,0,15.631359672644924
CUST_0758,20,Female,South,Standard,35,48.9,0,New,39.74788226735772,B,0,45.343675310882155
CUST_0759,33,Male,North,Basic,44,9.9,0,Loyal,7.054640878580653,A,0,7.17539768477012
CUST_0760,40,Female,East,Premium,48,40.2,0,New,32.23789523790734,B,0,35.66967842921801
CUST_0761,28,Male,East,Standard,23,17.4,0,YoungEngaged,8.438624565523991,B,0,8.475533982087327
CUST_0762,29,Male,South,Basic,17,36.8,0,At Risk,22.239745587028526,A,0,23.232434125941317
CUST_0763,27,Female,East,Standard,1,21.6,0,Loyal,25.25252531612486,B,0,24.11730918322204
CUST_0764,49,Female,East,Basic,55,29.3,0,At Risk,19.205193258408364,A,0,19.75101043297038
CUST_0765,33,Male,South,Basic,31,41.8,0,Loyal,28.483038252718462,B,0,27.42014061478074
CUST_0766,25,Male,West,Standard,31,40.4,0,New,21.553049431981428,B,0,22.53283826308052
CUST_0767,55,Male,West,Basic,42,43.5,0,Loyal,31.60519126155249,A,0,33.152761356581415
CUST_0768,29,Female,East,Standard,57,3.9,0,YoungEngaged,0.5,B,0,0.9079889847409285
CUST_0769,41,Female,West,Standard,55,34.9,0,YoungEngaged,36.13007580068185,B,0,38.077836730803405
CUST_0770,45,Male,West,Basic,42,7.9,0,Loyal,11.369085446713171,A,0,11.131390322023531
CUST_0771,25,Female,East,Premium,53,21.4,1,Loyal,13.679248274111382,B,0,13.761785549646579
CUST_0772,45,Female,West,Basic,56,27.9,1,Loyal,33.58217902672155,A,0,33.77441379091678
CUST_0773,53,Female,East,Basic,34,20.7,0,Loyal,21.46882743495797,B,0,21.34976431183014
CUST_0774,43,Female,North,Basic,9,26.5,0,YoungEngaged,19.575843082456892,A,0,20.025061803741927
CUST_0775,25,Male,South,Basic,22,49.8,0,At Risk,27.342971425632136,A,0,26.5030905291214
CUST_0776,67,Male,South,Basic,13,7.6,0,Loyal,17.53471286295371,B,0,17.99219431368696
CUST_0777,45,Male,West,Standard,25,34.1,0,Loyal,20.33213766618202,B,0,20.604011840390545
CUST_0778,45,Male,West,Premium,48,20.4,0,YoungEngaged,8.093006265215541,B,0,6.367090098669118
CUST_0779,54,Female,West,Basic,18,7.5,0,YoungEngaged,11.112852160048202,A,0,10.60304546685732
CUST_0780,58,Female,South,Standard,51,8.8,1,New,19.238762031696368,B,0,23.296997379705353
CUST_0781,53,Male,North,Standard,12,47.5,0,Loyal,44.921364092552594,A,0,45.90221754169007
CUST_0782,44,Male,North,Premium,40,44.1,0,New,38.0995456002618,A,0,39.97051077563358
CUST_0783,34,Male,South,Standard,17,45.4,0,YoungEngaged,39.29377170832643,A,0,39.328212720032276
CUST_0784,26,Female,North,Basic,15,49.6,0,YoungEngaged,43.94707779390154,A,0,41.45875044048855
CUST_0785,50,Male,South,Basic,42,11.2,0,At Risk,12.754642948933824,B,0,14.022091762654833
CUST_0786,37,Female,North,Standard,15,18.4,0,Loyal,16.125957119846877,B,0,16.47866704945397
CUST_0787,30,Male,East,Premium,15,33.8,0,New,27.56100551975938,A,0,27.950619697130286
CUST_0788,45,Male,East,Basic,55,24.7,0,YoungEngaged,19.44703436050239,B,1,21.187593295159246
CUST_0789,65,Other,South,Basic,39,21.5,0,YoungEngaged,13.430177055666618,B,0,14.317082413906238
CUST_0790,46,Other,North,Premium,13,18.5,0,New,13.39662461566613,B,0,16.385673648236555
CUST_0791,30,Male,West,Premium,17,30.1,0,At Risk,15.615215929023075,B,0,16.951764261260333
CUST_0792,63,Female,North,Premium,32,29.2,0,YoungEngaged,22.86830186602625,A,0,22.210053453692403
CUST_0793,52,Female,East,Standard,9,8.9,0,Loyal,2.177044464245414,B,0,2.829192795887063
CUST_0794,23,Female,East,Basic,40,24.1,0,YoungEngaged,13.762053413921146,B,1,14.958424724291794
CUST_0795,35,Male,North,Standard,20,28.1,0,Loyal,23.379470755767397,A,0,22.63724123557576
CUST_0796,68,Female,North,Standard,26,28.9,0,New,30.080011431722998,A,1,29.21171869984663
CUST_0797,22,Female,West,Basic,27,11.3,0,Loyal,13.631583030011566,A,0,11.470022696692372
CUST_0798,64,Female,West,Standard,21,37.4,1,New,22.067496981884116,A,0,22.60212606800655
CUST_0799,42,Male,North,Standard,18,2.2,0,Loyal,0.5,B,1,0.04673104433916758
CUST_0800,19,Male,North,Basic,13,18.4,0,New,19.423855939941078,B,0,20.46245595762839
CUST_0801,27,Male,North,Standard,16,39.2,0,Loyal,26.447563032308455,B,0,26.757070481309764
CUST_0802,47,Female,North,Standard,9,28.6,1,At Risk,21.75683425001488,B,0,24.199787559167138
CUST_0803,67,Male,South,Premium,12,13.8,0,Loyal,13.79026049512276,B,0,15.521086927788378
CUST_0804,62,Female,North,Basic,44,35.1,0,Loyal,23.238277725681826,A,0,23.493851379394194
CUST_0805,22,Other,West,Basic,38,28.8,0,At Risk,23.5668775307298,B,0,25.548977628147306
CUST_0806,50,Male,East,Standard,19,40.0,0,YoungEngaged,25.329872525408977,B,0,30.52260385811575
CUST_0807,18,Female,South,Basic,7,37.0,0,YoungEngaged,26.593161780243932,A,0,27.0466704927984
CUST_0808,35,Male,North,Standard,57,30.9,0,Loyal,26.318909670712685,A,0,27.307578840070686
CUST_0809,49,Female,East,Standard,35,24.9,0,At Risk,11.955031332341655,B,0,12.801884547459784
CUST_0810,64,Male,South,Basic,48,7.5,1,Loyal,8.202373689801995,B,0,8.369505290423062
CUST_0811,66,Female,East,Standard,18,13.8,0,New,10.941811005366596,A,0,8.306063266349717
CUST_0812,28,Female,North,Standard,16,21.5,0,New,19.962449772085737,B,0,23.04765154998122
CUST_0813,38,Female,North,Basic,55,30.4,0,Loyal,25.439570670323306,B,0,25.769151609104384
CUST_0814,43,Female,West,Premium,39,26.2,0,YoungEngaged,27.78070214986922,B,1,27.085624317864095
CUST_0815,42,Female,North,Premium,4,15.1,0,YoungEngaged,12.706122513239537,B,0,15.066125288662622
CUST_0816,39,Female,North,Standard,59,1.3,0,Loyal,0.5,A,1,0.01
CUST_0817,44,Female,South,Standard,25,25.3,0,Loyal,20.85148751516142,A,0,21.521707412438758
CUST_0818,66,Female,West,Standard,32,15.0,0,New,14.71649014518194,B,0,15.979494192052432
CUST_0819,30,Male,South,Premium,40,37.0,0,YoungEngaged,29.844300351628522,B,0,31.049067849809592
CUST_0820,50,Female,East,Standard,13,2.2,0,Loyal,1.9629584560194122,B,0,2.08473032446299
CUST_0821,51,Female,North,Standard,45,29.7,0,New,20.250041560966224,A,0,20.253417067563387
CUST_0822,58,Female,East,Premium,17,47.1,0,YoungEngaged,34.36549541224526,A,1,33.38320137799058
CUST_0823,52,Male,South,Basic,49,9.5,0,At Risk,0.5869736410015332,A,0,0.02168886460245134
CUST_0824,18,Female,North,Premium,37,24.1,1,New,28.0278837159347,A,0,28.355704888777783
CUST_0825,38,Male,North,Basic,6,5.5,1,YoungEngaged,0.5,A,0,0.5589842215895974
CUST_0826,65,Female,South,Basic,19,31.7,0,YoungEngaged,21.89547401102046,B,0,23.277576615974493
CUST_0827,23,Male,South,Basic,13,28.0,0,New,18.807963672154017,A,0,19.732233811691845
CUST_0828,45,Female,South,Premium,57,21.0,0,At Risk,21.274621884722208,B,0,22.37257936057486
CUST_0829,34,Other,South,Premium,26,26.5,0,New,19.725251608539864,B,1,22.35576901689571
CUST_0830,22,Male,South,Standard,14,44.9,0,YoungEngaged,42.15871036336867,B,0,44.22113363623586
CUST_0831,48,Other,North,Standard,31,10.6,0,Loyal,5.112546878780658,A,0,5.789513266120196
CUST_0832,22,Male,South,Standard,54,2.1,0,Loyal,3.0749708111190097,A,0,0.8014745520037057
CUST_0833,55,Female,North,Premium,4,43.2,0,New,30.383264733701218,A,0,29.36936878140868
CUST_0834,20,Female,North,Standard,39,29.3,0,YoungEngaged,34.165745638866944,B,0,35.44979658741225
CUST_0835,40,Female,South,Basic,8,44.6,0,Loyal,29.742007904852436,B,0,30.175483689939956
CUST_0836,54,Female,South,Basic,25,30.3,0,YoungEngaged,25.78910355113514,A,0,26.235976051937836
CUST_0837,54,Female,West,Standard,13,40.7,0,New,35.7288844046605,B,0,40.31057466223326
CUST_0838,27,Male,North,Standard,32,22.1,0,Loyal,19.748995487257496,B,0,19.43440310404942
CUST_0839,27,Male,South,Basic,59,37.7,0,YoungEngaged,29.23356170561146,A,0,28.891012504753697
CUST_0840,36,Female,South,Basic,38,45.7,0,Loyal,35.91089650133287,B,0,35.63108459417981
CUST_0841,34,Female,South,Premium,38,29.0,0,New,23.41905735989555,A,0,23.50474452129891
CUST_0842,38,Female,West,Basic,56,9.9,0,YoungEngaged,7.184989991857558,B,1,6.974406563211677
CUST_0843,31,Female,West,Standard,28,14.2,0,Loyal,16.179395583974546,A,0,15.243106951567775
CUST_0844,26,Male,East,Premium,53,10.7,0,New,19.612615007956755,B,0,21.731721008595244
CUST_0845,63,Female,North,Standard,30,13.1,0,Loyal,7.6925410749608325,A,0,7.29671229422917
CUST_0846,18,Male,East,Basic,3,16.0,0,Loyal,5.950985102104612,A,0,5.771361101869375
CUST_0847,68,Female,South,Standard,28,28.2,0,At Risk,22.11858975824373,A,0,21.70788109914131
CUST_0848,62,Male,West,Premium,3,29.8,0,At Risk,36.7385466882716,A,1,36.075832916408665
CUST_0849,30,Male,West,Standard,45,21.9,0,New,13.501627160151346,B,0,14.33805675378311
CUST_0850,21,Male,East,Premium,54,31.2,1,At Risk,33.15558402722034,A,0,31.12591015948076
CUST_0851,18,Male,West,Basic,34,5.0,0,New,12.388504070382204,B,0,13.18458350651181
CUST_0852,66,Female,South,Standard,16,5.3,0,At Risk,1.4720587914600274,A,0,2.2356498920798833
CUST_0853,57,Male,West,Standard,22,9.4,0,Loyal,10.364915395926378,A,1,9.621781131158395
CUST_0854,49,Male,East,Premium,32,26.4,0,New,29.261983115642693,B,0,31.85722917403858
CUST_0855,51,Male,South,Basic,38,11.5,1,New,7.304361295062566,A,0,6.378936669002979
CUST_0856,45,Male,East,Premium,8,14.9,0,Loyal,10.902098199488194,A,0,10.105095395906012
CUST_0857,48,Male,West,Standard,55,20.6,0,New,13.571595430256782,A,0,13.8269791859311
CUST_0858,25,Male,East,Basic,8,40.8,0,New,27.56621634653567,B,1,30.042340099889508
CUST_0859,56,Female,East,Basic,57,1.7,0,At Risk,0.5,A,0,1.757059956689093
CUST_0860,43,Female,North,Premium,6,32.8,0,New,20.120298666188717,A,0,19.22495234382569
CUST_0861,51,Female,West,Basic,14,33.8,0,YoungEngaged,27.21041734129613,A,1,27.3808811122927
CUST_0862,20,Male,West,Basic,32,40.1,0,Loyal,28.230133844706796,B,0,28.031305181450925
CUST_0863,67,Male,East,Basic,35,46.7,0,At Risk,38.52892955895374,A,0,37.010480614989
CUST_0864,29,Female,North,Premium,10,2.0,0,At Risk,0.5,A,0,1.7438529325863146
CUST_0865,18,Female,West,Standard,3,8.5,1,YoungEngaged,8.454401161072287,A,0,7.491668595787675
CUST_0866,61,Male,South,Standard,59,44.4,0,Loyal,39.687644808044624,B,0,41.35431689097631
CUST_0867,22,Male,East,Basic,12,23.5,0,Loyal,8.831321787142723,B,0,8.378042968167165
CUST_0868,47,Male,West,Standard,49,28.7,0,At Risk,24.83028284923786,A,0,24.727259647840643
CUST_0869,47,Male,South,Standard,59,33.5,0,New,32.938344962366465,A,0,32.530244123206245
CUST_0870,34,Male,West,Premium,31,34.3,0,At Risk,21.39179490654397,B,0,23.987745288930185
CUST_0871,65,Female,South,Premium,29,46.7,0,Loyal,45.72286193418852,B,0,46.48239457103602
CUST_0872,64,Female,East,Basic,5,49.9,0,YoungEngaged,42.015095046830226,B,0,44.44535853474475
CUST_0873,40,Female,West,Standard,52,36.3,0,At Risk,25.514940721207957,A,0,26.740073069375832
CUST_0874,32,Female,West,Basic,25,15.1,1,Loyal,11.80115461171147,B,0,12.737913989078598
CUST_0875,54,Female,North,Standard,41,44.1,0,At Risk,38.071634562608615,A,0,38.10958499889906
CUST_0876,38,Female,East,Basic,31,3.4,0,New,3.1000269570620578,A,0,2.1042115622718285
CUST_0877,31,Female,South,Basic,21,12.3,1,At Risk,12.533779962231847,B,0,12.617302220489679
CUST_0878,19,Male,West,Basic,58,45.0,0,At Risk,31.39663203460317,B,0,32.7979630800754
CUST_0879,28,Male,West,Standard,20,13.6,0,Loyal,11.726804120180391,B,1,11.68294903177302
CUST_0880,68,Male,South,Basic,39,11.8,0,Loyal,2.3714275154751006,B,0,3.052217380628255
CUST_0881,56,Female,East,Standard,22,7.8,0,Loyal,5.683869693256499,B,0,4.256754044690762
CUST_0882,55,Female,North,Standard,4,43.1,1,At Risk,29.960461792676057,A,0,30.096006384834688
CUST_0883,51,Male,North,Basic,13,25.5,1,New,16.72235028705117,B,0,18.66185403144796
CUST_0884,55,Female,West,Standard,45,34.1,0,YoungEngaged,33.46046587605219,A,0,33.25385459635614
CUST_0885,67,Male,South,Basic,42,12.7,0,YoungEngaged,15.616550602971344,B,0,14.880204436448231
CUST_0886,51,Female,West,Standard,50,38.1,0,Loyal,33.52569060453589,A,1,35.19717349571798
CUST_0887,35,Male,South,Standard,49,38.2,0,Loyal,25.098436176637108,A,0,24.9908770447782
CUST_0888,47,Male,North,Basic,20,16.3,0,At Risk,11.457957751525992,A,0,11.830392398508204
CUST_0889,32,Female,East,Basic,52,21.1,0,YoungEngaged,22.94548849989592,A,0,23.55570466948514
CUST_0890,44,Male,South,Basic,13,11.3,1,Loyal,9.748584568199524,B,0,9.811039580021617
CUST_0891,68,Male,North,Premium,17,48.9,1,New,50.71664769990848,A,0,51.367783941732135
CUST_0892,51,Male,West,Standard,54,32.6,0,New,28.046589196971862,A,0,28.905040313628525
CUST_0893,69,Female,South,Standard,36,46.8,0,Loyal,38.400245582450154,A,0,37.70520192230041
CUST_0894,55,Female,East,Standard,33,15.9,0,Loyal,11.174417678987494,B,0,11.476802129165753
CUST_0895,50,Male,West,Basic,1,39.3,0,YoungEngaged,32.10770452391141,B,1,34.463668917628745
CUST_0896,41,Female,West,Standard,15,38.5,0,YoungEngaged,30.03765081809728,A,0,30.194623779065715
CUST_0897,32,Female,North,Standard,13,34.9,0,At Risk,31.460543383442953,B,0,34.5444423715065
CUST_0898,47,Male,South,Basic,17,48.3,0,YoungEngaged,43.423511583972925,B,0,45.17849275828632
CUST_0899,59,Male,West,Basic,24,20.3,0,New,12.310052697460254,B,0,13.071499032044734
CUST_0900,68,Male,East,Basic,58,7.4,0,New,0.5,A,0,0.26537943004258624
CUST_0901,34,Male,South,Standard,8,33.9,1,Loyal,17.93897313448352,B,0,18.320891320271357
CUST_0902,22,Female,East,Premium,50,36.7,0,YoungEngaged,31.89995663456272,B,0,32.364885127250496
CUST_0903,46,Male,West,Basic,27,29.2,0,At Risk,17.843166969130632,B,0,17.93746301600743
CUST_0904,21,Female,East,Standard,45,11.1,0,New,0.5,A,0,0.5382379949600283
CUST_0905,27,Female,North,Basic,23,25.7,0,New,22.502893022654824,A,0,21.05430160802128
CUST_0906,34,Male,East,Premium,46,16.3,1,At Risk,25.504997587163956,A,0,24.714931262028678
CUST_0907,27,Female,South,Basic,8,21.9,0,At Risk,17.48964544230053,B,1,21.303608076343206
CUST_0908,34,Male,East,Standard,8,32.6,0,New,30.27245387225821,A,0,29.972777224251423
CUST_0909,37,Other,East,Standard,59,37.5,0,New,30.409146792737825,A,0,30.35894217569608
CUST_0910,41,Female,North,Standard,26,12.4,0,At Risk,9.425551734044289,A,1,10.62022587837231
CUST_0911,22,Female,East,Standard,47,20.9,0,New,21.315382414938842,B,0,24.555280370444123
CUST_0912,51,Female,East,Basic,59,14.2,0,Loyal,9.908627279056743,B,0,8.453881126798995
CUST_0913,23,Male,West,Basic,13,10.7,0,Loyal,9.896961570359515,B,1,11.29801344819751
CUST_0914,19,Female,West,Basic,39,39.4,0,At Risk,33.12848903098007,A,0,32.00710839290529
CUST_0915,30,Female,South,Basic,37,45.6,0,YoungEngaged,33.13954773178476,A,0,32.553016462220825
CUST_0916,60,Female,West,Standard,49,19.1,0,At Risk,20.240211747682615,A,0,19.838145003165945
CUST_0917,60,Female,West,Basic,28,37.8,0,At Risk,29.365201216522955,A,0,29.889465894166126
CUST_0918,65,Female,West,Basic,25,45.0,0,YoungEngaged,32.221274202535774,B,0,33.38232505466675
CUST_0919,28,Male,West,Standard,16,42.5,1,YoungEngaged,36.68254921785202,A,0,36.906765622142814
CUST_0920,68,Male,North,Premium,55,10.0,1,YoungEngaged,3.507660091044814,B,0,4.940192312459628
CUST_0921,64,Female,West,Standard,2,47.9,0,Loyal,38.46090578684564,A,0,38.41973630993309
CUST_0922,40,Male,North,Basic,54,19.5,0,New,15.554405016778984,A,0,18.17519810780896
CUST_0923,33,Female,North,Basic,18,17.6,0,Loyal,19.50947782915789,A,0,20.046568662219034
CUST_0924,48,Female,West,Premium,17,4.1,0,New,5.653491164399764,A,1,4.541524138625601
CUST_0925,28,Male,East,Basic,30,24.8,0,Loyal,19.714865206274283,A,0,19.76649158298549
CUST_0926,33,Male,North,Basic,39,6.3,0,New,9.128831496001435,A,0,10.593008734753873
CUST_0927,25,Female,East,Standard,13,13.2,0,Loyal,17.51103774508657,A,0,17.305310154258596
CUST_0928,21,Male,East,Standard,32,16.5,0,YoungEngaged,15.989051531759312,B,0,16.253169021331058
CUST_0929,57,Female,West,Standard,50,40.6,1,At Risk,32.53176309921691,B,0,35.21429752771341
CUST_0930,21,Male,South,Basic,29,43.9,0,Loyal,28.560818838249197,A,0,27.910802169578744
CUST_0931,42,Female,West,Basic,46,15.8,0,New,7.314431684623138,B,0,9.679409642113843
CUST_0932,20,Male,South,Premium,30,43.1,0,YoungEngaged,32.95387647822667,A,0,33.66848626886328
CUST_0933,49,Female,South,Basic,18,43.0,0,Loyal,31.352438989203584,B,0,31.12481482401624
CUST_0934,20,Male,West,Standard,13,38.5,1,Loyal,29.86514348507277,A,1,29.203012639605173
CUST_0935,44,Female,West,Standard,43,8.2,0,YoungEngaged,6.843249624485535,A,0,4.793308345908057
CUST_0936,46,Male,South,Standard,21,34.8,0,Loyal,30.488463771783653,B,0,31.433270172481794
CUST_0937,49,Female,West,Basic,30,47.3,0,At Risk,37.48750610970454,B,0,40.834412714805794
CUST_0938,67,Female,South,Basic,21,34.4,0,Loyal,29.95250821913101,A,1,29.35469983264565
CUST_0939,68,Male,East,Standard,48,17.2,0,At Risk,14.082372074050602,B,0,14.400542015451263
CUST_0940,36,Male,West,Premium,55,25.5,0,At Risk,10.522667168230646,B,0,11.04921569744755
CUST_0941,38,Male,East,Premium,17,32.6,0,YoungEngaged,21.38332303090623,A,0,22.54239709586213
CUST_0942,22,Female,North,Basic,40,26.0,0,Loyal,20.079562221391924,B,0,20.48911774846709
CUST_0943,35,Female,East,Basic,19,6.9,0,YoungEngaged,0.5,B,0,0.8834536182096202
CUST_0944,45,Female,East,Premium,52,16.3,0,Loyal,16.039643649981024,B,0,17.364146046791323
CUST_0945,59,Male,South,Standard,15,40.3,0,Loyal,39.89375416171849,B,0,42.87911807432707
CUST_0946,39,Male,East,Premium,9,43.2,0,New,40.65380925848659,B,0,44.952213128134936
CUST_0947,38,Female,West,Basic,52,7.7,0,Loyal,5.09278564534896,A,1,5.431600246159697
CUST_0948,23,Female,South,Standard,10,47.7,0,YoungEngaged,45.61363068424976,B,0,47.16335594274678
CUST_0949,18,Other,North,Standard,44,17.1,0,At Risk,14.42333728601056,B,0,15.15044715200905
CUST_0950,22,Male,West,Standard,31,33.5,0,Loyal,25.114570144409804,A,0,24.120390052008016
CUST_0951,58,Female,North,Standard,53,37.8,0,New,27.1729866822953,B,0,30.673149584706113
CUST_0952,29,Male,East,Basic,23,40.8,0,YoungEngaged,31.127651567559358,B,0,33.441955995860944
CUST_0953,43,Male,West,Standard,52,47.3,0,Loyal,35.899115907293854,A,0,36.292385130764075
CUST_0954,63,Female,West,Basic,30,16.3,0,YoungEngaged,13.89208111187744,B,0,15.272192906261516
CUST_0955,51,Female,North,Standard,33,43.1,0,New,35.28286990524933,A,0,36.27972867871514
CUST_0956,66,Other,West,Premium,57,7.5,0,New,6.015230100767073,B,0,7.236742823162055
CUST_0957,31,Male,West,Basic,52,35.5,0,YoungEngaged,30.58469084873175,B,0,33.96253422446475
CUST_0958,43,Male,West,Premium,9,37.4,0,Loyal,35.87323137393171,A,0,37.28622612955854
CUST_0959,62,Female,East,Basic,54,34.2,0,At Risk,32.107770677206624,A,0,31.59857543672116
CUST_0960,44,Female,North,Standard,47,13.4,0,New,3.295510157750483,B,0,4.162973647599816
CUST_0961,26,Male,West,Premium,1,43.8,0,Loyal,22.270394325490223,A,0,22.596101683303424
CUST_0962,43,Male,South,Basic,44,9.3,0,Loyal,12.11159955619637,A,0,11.742014027279234
CUST_0963,64,Male,South,Basic,35,3.6,0,At Risk,0.5,B,0,0.01
CUST_0964,39,Female,South,Standard,11,36.2,0,New,27.836172990536586,B,0,31.252469017317065
CUST_0965,64,Male,South,Basic,34,24.3,0,New,13.589434869703204,B,0,15.962849472427312
CUST_0966,47,Male,East,Standard,16,42.6,0,Loyal,25.070097812099906,A,0,23.771970927045274
CUST_0967,60,Male,West,Premium,9,19.8,0,Loyal,18.54731364102394,A,0,20.125420448935454
CUST_0968,65,Male,North,Standard,32,9.2,0,At Risk,11.155775801513233,B,0,12.681199617144118
CUST_0969,34,Male,West,Basic,15,42.0,0,At Risk,30.717447996366403,B,0,32.725267797850435
CUST_0970,43,Female,East,Standard,12,27.9,1,New,9.364788539275452,B,0,10.970812116669164
CUST_0971,53,Male,South,Standard,33,10.3,1,YoungEngaged,5.508777758737587,B,1,5.608652701175251
CUST_0972,18,Female,East,Basic,45,36.3,0,New,30.999020027012733,A,0,31.27965643150287
CUST_0973,25,Male,West,Standard,14,26.0,0,Loyal,13.405442156129357,B,0,12.383186514709108
CUST_0974,66,Female,North,Standard,57,30.6,0,New,25.396799598895782,A,0,27.155420083090917
CUST_0975,52,Female,East,Standard,57,23.6,0,YoungEngaged,18.803450754135024,A,0,18.467196015453954
CUST_0976,69,Female,North,Basic,8,41.6,0,At Risk,36.17645749800544,A,0,36.953988738820385
CUST_0977,32,Female,East,Standard,8,41.6,0,YoungEngaged,33.87790184207077,A,0,34.303391775311
CUST_0978,64,Male,North,Basic,27,35.8,0,YoungEngaged,23.774655295592222,A,0,24.97190221923745
CUST_0979,39,Male,North,Basic,12,6.2,0,YoungEngaged,10.942857508322458,A,0,9.571183811091991
CUST_0980,31,Female,South,Premium,1,42.1,0,At Risk,32.88735213486515,B,0,36.535841534738545
CUST_0981,43,Other,North,Standard,43,33.9,0,YoungEngaged,26.983477302450343,A,0,26.274036300022797
CUST_0982,45,Female,South,Basic,40,35.2,0,YoungEngaged,23.493660204634025,A,0,23.20511150875832
CUST_0983,40,Female,West,Basic,42,18.8,1,YoungEngaged,12.82358874404245,A,0,12.039835222918022
CUST_0984,31,Female,West,Basic,51,44.1,0,Loyal,30.855986429865496,A,0,29.685968779266585
CUST_0985,41,Male,South,Basic,11,36.5,0,YoungEngaged,28.335269700382888,B,0,30.42068799015994
CUST_0986,19,Male,South,Basic,39,6.5,0,At Risk,13.758542400711718,B,0,17.52240814288848
CUST_0987,62,Female,East,Basic,43,21.0,1,YoungEngaged,9.940494285343219,B,1,10.535586539149325
CUST_0988,43,Female,East,Standard,31,44.4,0,YoungEngaged,27.4521930106163,A,0,29.187129586453107
CUST_0989,31,Male,East,Standard,17,3.3,0,At Risk,9.995851637468043,A,0,11.371717810652
CUST_0990,68,Female,West,Standard,33,48.1,0,YoungEngaged,37.43338161424067,A,0,36.57660952041388
CUST_0991,24,Male,East,Standard,32,34.3,0,At Risk,24.094636306700416,A,0,25.107182307754254
CUST_0992,20,Female,North,Basic,58,31.9,0,YoungEngaged,30.71952343698038,B,0,33.55137139069242
CUST_0993,64,Male,North,Premium,29,14.3,0,At Risk,8.41192230131568,B,0,8.789334845274386
CUST_0994,40,Male,East,Premium,21,13.2,0,YoungEngaged,19.69004856773468,A,0,19.134501788247814
CUST_0995,63,Female,North,Premium,21,47.2,1,YoungEngaged,41.14962935669635,A,0,41.35401838829933
CUST_0996,60,Male,West,Premium,40,15.6,0,Loyal,10.040442959271488,A,1,10.889004993747236
CUST_0997,64,Female,North,Premium,23,39.0,0,Loyal,41.98654106632752,B,0,42.177358006381574
CUST_0998,62,Female,West,Standard,56,20.3,0,YoungEngaged,13.21142538498331,A,0,12.00927585890722
CUST_0999,35,Female,South,Basic,6,7.8,0,YoungEngaged,9.950476860046535,A,0,9.554796148290272
CUST_1000,55,Male,South,Standard,22,1.5,1,New,2.6964629020324598,B,0,1.7823760279490575
